wall,env_steps,update,mean_return,mean_percent,best_percent,pi_loss,v_loss,entropy,kl,clip_frac,steps_per_sec
26.9,512,0,0.0,0.0,0.0,0.0001,0.0213,0.6931,0.0,0.0,19.1
55.6,1024,1,0.0,0.0,0.0,0.0001,0.0006,0.6927,3e-05,0.0,17.9
84.7,1536,2,0.0,0.0,0.0,0.0001,0.0002,0.6931,0.00035,0.0,17.6
113.8,2048,3,0.0,0.0,0.0,-0.0002,0.0002,0.6931,-0.00034,0.0,17.7
143.2,2560,4,0.0,0.0,0.0,-0.0006,0.0003,0.6923,0.0008,0.0,17.5
31.0,3584,5,-0.634,0.0366,0.037,-0.0043,0.0372,0.6833,0.0045,0.0081,33.3
53.5,4608,6,-0.612,0.0388,0.0555,-0.0006,0.0301,0.6411,-1e-05,0.001,45.9
78.1,5632,7,-0.651,0.0349,0.0555,-0.0006,0.03,0.6125,-0.00023,0.0,41.9
100.5,6656,8,-0.643,0.0357,0.0593,-0.0031,0.02,0.5469,0.00033,0.0552,46.0
124.0,7680,9,-0.646,0.0354,0.0593,-0.005,0.0207,0.5169,0.00627,0.0608,43.9
146.5,8704,10,-0.654,0.0346,0.0593,-0.0018,0.0263,0.5522,0.00158,0.0627,46.0
29.9,9728,11,-0.594,0.0406,0.0886,-0.0015,0.0234,0.5358,0.00097,0.0051,34.6
52.4,10752,12,-0.615,0.0385,0.0886,-0.0024,0.0183,0.5171,0.00385,0.033,45.8
84.8,11776,13,-0.604,0.0396,0.0886,-0.0041,0.0199,0.469,0.00255,0.0583,31.8
106.2,12800,14,-0.6,0.04,0.0886,-0.0007,0.0132,0.4785,0.00316,0.0088,48.1
129.8,13824,15,-0.607,0.0393,0.0886,-0.0016,0.0141,0.4626,0.00243,0.012,43.8
152.2,14848,16,-0.604,0.0396,0.0886,-0.0013,0.0147,0.4811,0.00085,0.0005,46.0
174.7,15872,17,-0.603,0.0397,0.0886,0.0004,0.0146,0.4426,-0.00023,0.0,45.9
197.2,16896,18,-0.602,0.0398,0.0886,-0.0003,0.0101,0.4955,0.0006,0.0144,45.9
220.7,17920,19,-0.613,0.0387,0.0886,-0.0008,0.0131,0.4695,0.00461,0.0649,43.9
243.2,18944,20,-0.61,0.039,0.0886,-0.0036,0.0106,0.5161,0.00704,0.0588,45.9
264.6,19968,21,-0.605,0.0395,0.0886,-0.002,0.0068,0.539,0.00405,0.0408,48.1
288.1,20992,22,-0.609,0.0391,0.0886,-0.0001,0.014,0.5472,0.00033,0.0,43.9
310.6,22016,23,-0.608,0.0392,0.0886,-0.0017,0.008,0.5851,-6e-05,0.0347,45.9
333.1,23040,24,-0.607,0.0393,0.0886,-0.001,0.0073,0.5894,0.00022,0.0,45.9
356.6,24064,25,-0.611,0.0389,0.0886,-0.0031,0.0142,0.6285,0.00469,0.1077,43.9
379.1,25088,26,-0.612,0.0388,0.0886,-0.001,0.0072,0.6337,0.00049,0.0,45.9
401.6,26112,27,-0.611,0.0389,0.0886,-0.0015,0.01,0.6646,0.00548,0.03,45.9
426.0,27136,28,-0.618,0.0382,0.0886,-0.0006,0.0125,0.6697,0.00037,0.0,42.2
448.5,28160,29,-0.617,0.0383,0.0886,-0.0031,0.0057,0.6882,0.00426,0.02,45.9
472.0,29184,30,-0.621,0.0379,0.0886,-0.0038,0.0122,0.6781,0.00724,0.0999,43.9
494.4,30208,31,-0.62,0.038,0.0886,-0.0016,0.0068,0.6841,0.00101,0.0222,45.9
517.9,31232,32,-0.622,0.0378,0.0886,-0.0025,0.0117,0.6849,0.00385,0.0012,43.9
541.4,32256,33,-0.624,0.0376,0.0886,-0.0034,0.0047,0.676,0.00479,0.021,43.9
564.9,33280,34,-0.627,0.0373,0.0886,-0.0004,0.01,0.6819,0.00137,0.0,43.8
587.4,34304,35,-0.625,0.0375,0.0886,-0.0036,0.0056,0.6712,0.00052,0.0012,45.9
610.9,35328,36,-0.627,0.0373,0.0886,-0.0008,0.0063,0.6641,0.00066,0.0,43.9
632.3,36352,37,-0.626,0.0374,0.0886,-0.0043,0.0088,0.6676,0.00834,0.0557,48.2
652.7,37376,38,-0.617,0.0383,0.1079,-0.0059,0.0135,0.671,0.00343,0.0217,50.6
674.1,38400,39,-0.615,0.0385,0.1079,-0.0072,0.0067,0.6457,0.00971,0.1108,48.2
698.7,39424,40,-0.618,0.0382,0.1079,-0.0004,0.013,0.6581,-0.00015,0.0037,42.0
721.2,40448,41,-0.619,0.0381,0.1079,-0.0019,0.0101,0.6514,0.00033,0.0039,45.9
744.7,41472,42,-0.62,0.038,0.1079,-0.0021,0.011,0.6297,0.00471,0.0234,43.9
767.1,42496,43,-0.62,0.038,0.1079,-0.0036,0.0116,0.6194,0.00348,0.0186,45.9
787.5,43520,44,-0.615,0.0385,0.1079,-0.003,0.0097,0.64,0.00391,0.0146,50.7
810.0,44544,45,-0.613,0.0387,0.1079,-0.0041,0.0081,0.5983,-0.00035,0.0066,45.9
832.5,45568,46,-0.614,0.0386,0.1079,-0.0042,0.0079,0.614,0.00816,0.0935,45.9
853.9,46592,47,-0.612,0.0388,0.1079,-0.0026,0.0055,0.592,0.00261,0.0129,48.2
877.4,47616,48,-0.613,0.0387,0.1079,-0.0154,0.0143,0.6192,0.01941,0.1584,43.9
899.8,48640,49,-0.613,0.0387,0.1079,-0.0008,0.0088,0.6558,3e-05,0.0015,45.9
922.3,49664,50,-0.611,0.0389,0.1079,-0.0044,0.006,0.6364,0.00122,0.0029,45.9
942.6,50688,51,-0.611,0.0389,0.1079,-0.0033,0.0114,0.6371,0.00166,0.0032,50.8
965.1,51712,52,-0.609,0.0391,0.1079,-0.0036,0.0117,0.6272,0.00367,0.0146,46.0
985.4,52736,53,-0.604,0.0396,0.1079,-0.0052,0.0084,0.6176,0.00856,0.0771,50.8
1007.8,53760,54,-0.605,0.0395,0.1079,-0.0064,0.0142,0.6249,0.00517,0.0386,46.0
1028.2,54784,55,-0.6,0.04,0.1079,-0.0033,0.0079,0.625,-0.0007,0.0278,50.7
1048.6,55808,56,-0.597,0.0403,0.1079,-0.0055,0.0065,0.6175,0.00797,0.0364,50.6
1069.0,56832,57,-0.593,0.0407,0.1244,-0.0052,0.0071,0.6406,0.00307,0.1023,50.6
1089.4,57856,58,-0.593,0.0407,0.1244,-0.0038,0.0112,0.6343,0.0016,0.0066,50.6
1109.7,58880,59,-0.585,0.0415,0.1244,-0.0042,0.0088,0.5998,0.0033,0.0408,50.7
1130.1,59904,60,-0.582,0.0418,0.1244,-0.0128,0.0102,0.6297,0.02167,0.1365,50.7
1151.4,60928,61,-0.576,0.0424,0.1244,-0.0053,0.0049,0.6489,0.00376,0.012,48.4
1171.8,61952,62,-0.571,0.0429,0.1244,-0.0054,0.0097,0.6448,0.00504,0.0679,50.7
1194.2,62976,63,-0.571,0.0429,0.1244,-0.0037,0.0116,0.6461,0.00453,0.0613,45.9
1214.6,64000,64,-0.57,0.043,0.1244,-0.0048,0.0025,0.6306,0.0018,0.0366,50.7
1235.0,65024,65,-0.565,0.0435,0.1244,-0.0022,0.007,0.6438,0.00069,0.01,50.7
1257.4,66048,66,-0.564,0.0436,0.1244,-0.0034,0.0131,0.6249,0.00536,0.0479,46.0
1278.8,67072,67,-0.562,0.0438,0.1244,-0.0042,0.005,0.6232,0.00264,0.0261,48.2
1301.2,68096,68,-0.561,0.0439,0.1244,-0.0047,0.0091,0.629,0.00716,0.04,46.0
1321.6,69120,69,-0.556,0.0444,0.1244,-0.0049,0.0024,0.6101,0.00786,0.054,50.7
1344.0,70144,70,-0.554,0.0446,0.1244,-0.0035,0.0075,0.6085,0.00578,0.0356,46.0
1364.4,71168,71,-0.553,0.0447,0.1244,-0.0042,0.0065,0.6106,0.00695,0.0542,50.7
1385.6,72192,72,-0.55,0.045,0.1244,-0.0032,0.0015,0.6161,0.00185,0.0051,48.5
1406.0,73216,73,-0.543,0.0457,0.1244,-0.0049,0.0114,0.616,-0.00059,0.01,50.8
1425.3,74240,74,-0.538,0.0462,0.1244,-0.0089,0.0069,0.6295,0.00736,0.1331,53.5
1445.6,75264,75,-0.533,0.0467,0.1244,-0.0043,0.0095,0.6037,0.0006,0.041,50.7
1466.0,76288,76,-0.528,0.0472,0.1244,-0.0048,0.0093,0.648,0.00144,0.0154,50.7
1487.5,77312,77,-0.522,0.0478,0.1244,-0.0007,0.0034,0.6341,-5e-05,0.0002,48.1
1507.8,78336,78,-0.52,0.048,0.1244,-0.0032,0.0016,0.6197,0.00056,0.0037,50.7
1529.2,79360,79,-0.517,0.0483,0.1244,-0.0058,0.0014,0.5999,0.00282,0.0051,48.2
1549.6,80384,80,-0.514,0.0486,0.1244,-0.0067,0.0012,0.612,0.00391,0.062,50.7
1568.9,81408,81,-0.506,0.0494,0.1244,-0.0036,0.01,0.6214,0.00129,0.0081,53.5
1590.3,82432,82,-0.502,0.0498,0.1244,-0.0074,0.0071,0.6076,0.00204,0.0234,48.2
1611.7,83456,83,-0.499,0.0501,0.1244,-0.0049,0.0054,0.5977,0.00471,0.0312,48.2
1631.1,84480,84,-0.494,0.0506,0.1244,-0.0041,0.0076,0.5959,0.00131,0.0195,53.4
1651.4,85504,85,-0.488,0.0512,0.1244,-0.0124,0.0077,0.6118,0.01555,0.1394,50.7
1670.7,86528,86,-0.48,0.052,0.1244,-0.0076,0.0085,0.5917,0.00571,0.0479,53.5
1689.0,87552,87,-0.477,0.0523,0.1244,-0.0054,0.0068,0.5822,-0.00051,0.02,56.5
1709.4,88576,88,-0.469,0.0531,0.1244,-0.0062,0.0114,0.5813,0.00619,0.0688,50.7
1728.7,89600,89,-0.464,0.0536,0.1244,-0.0125,0.0094,0.5933,0.01969,0.0879,53.4
1750.2,90624,90,-0.458,0.0542,0.1244,-0.0033,0.0124,0.607,0.00335,0.0447,48.2
1770.5,91648,91,-0.456,0.0544,0.1244,-0.0064,0.0039,0.5982,0.00083,0.0396,50.7
1792.0,92672,92,-0.46,0.054,0.1244,-0.0033,0.0076,0.6088,0.00345,0.0151,48.1
1812.4,93696,93,-0.459,0.0541,0.1244,-0.0059,0.0064,0.5921,-0.00054,0.0046,50.6
1832.7,94720,94,-0.451,0.0549,0.1244,-0.0043,0.0074,0.609,0.00091,0.0288,50.7
1852.1,95744,95,-0.446,0.0554,0.1244,-0.0051,0.0057,0.5937,0.00408,0.0215,53.4
1872.4,96768,96,-0.442,0.0558,0.1244,-0.0046,0.0082,0.5837,-0.0,0.0056,50.7
1892.8,97792,97,-0.436,0.0564,0.1244,-0.0032,0.0098,0.5791,0.00313,0.01,50.7
1913.1,98816,98,-0.432,0.0568,0.1244,-0.0109,0.0126,0.5686,0.00439,0.0454,50.7
1933.5,99840,99,-0.426,0.0574,0.1244,-0.0069,0.0114,0.5854,0.00242,0.0076,50.6
1952.9,100864,100,-0.418,0.0582,0.1244,-0.0051,0.008,0.5744,0.00218,0.0178,53.5
1972.2,101888,101,-0.414,0.0586,0.1244,-0.0058,0.0062,0.5609,0.00456,0.0388,53.5
1991.4,102912,102,-0.409,0.0591,0.1244,-0.0069,0.0122,0.5659,0.00327,0.0251,53.6
2011.8,103936,103,-0.402,0.0598,0.1244,-0.0028,0.0149,0.5529,-0.00061,0.0039,50.7
2030.1,104960,104,-0.403,0.0597,0.1244,-0.0036,0.0089,0.5728,0.00017,0.0129,56.5
2049.4,105984,105,-0.396,0.0604,0.1244,-0.0056,0.0064,0.5914,0.00163,0.0034,53.4
2068.8,107008,106,-0.39,0.061,0.1244,-0.0038,0.0044,0.5946,-0.00019,0.0034,53.4
2088.1,108032,107,-0.382,0.0618,0.1244,-0.0033,0.0044,0.591,-0.00045,0.0007,53.5
2108.4,109056,108,-0.377,0.0623,0.1244,-0.0079,0.0106,0.5808,0.00045,0.0159,50.7
2128.8,110080,109,-0.375,0.0625,0.1244,-0.0061,0.013,0.5703,0.00923,0.1167,50.7
2149.3,111104,110,-0.369,0.0631,0.1244,-0.0077,0.0116,0.6047,0.00517,0.0381,50.5
2168.6,112128,111,-0.364,0.0636,0.1244,-0.0041,0.0095,0.5721,-0.00031,0.0051,53.4
2187.9,113152,112,-0.358,0.0642,0.1244,-0.0035,0.0134,0.5763,0.00523,0.0271,53.5
2206.2,114176,113,-0.355,0.0645,0.1244,-0.0058,0.0116,0.5751,-0.00038,0.0149,56.5
2226.6,115200,114,-0.348,0.0652,0.1581,-0.0087,0.0163,0.5929,0.00832,0.0645,50.7
2245.9,116224,115,-0.341,0.0659,0.1581,-0.0016,0.011,0.5861,0.0007,0.0022,53.5
2266.2,117248,116,-0.334,0.0666,0.1581,-0.006,0.0093,0.6031,0.00293,0.0251,50.9
2286.5,118272,117,-0.333,0.0667,0.1581,-0.0054,0.0199,0.6013,0.00118,0.0039,50.7
2305.9,119296,118,-0.326,0.0674,0.1581,-0.0066,0.0068,0.6215,0.00153,0.0098,53.5
2324.1,120320,119,-0.323,0.0677,0.1581,-0.006,0.0078,0.6023,0.00247,0.0103,56.5
2343.5,121344,120,-0.315,0.0685,0.1581,-0.0045,0.0067,0.6127,0.00099,0.0042,53.4
2362.8,122368,121,-0.309,0.0691,0.1581,-0.0033,0.006,0.5666,0.00232,0.0342,53.5
2382.1,123392,122,-0.305,0.0695,0.1581,-0.0036,0.0079,0.5631,0.00118,0.0054,53.5
2400.4,124416,123,-0.301,0.0699,0.1581,-0.0057,0.0054,0.5092,0.0056,0.042,56.5
2420.7,125440,124,-0.293,0.0707,0.1581,-0.004,0.0168,0.5313,0.00049,0.0095,50.7
2439.0,126464,125,-0.287,0.0713,0.1731,-0.0027,0.0083,0.5379,0.00015,0.0039,56.6
2458.3,127488,126,-0.283,0.0717,0.1731,-0.0061,0.0099,0.5034,0.00073,0.0068,53.4
2477.7,128512,127,-0.277,0.0723,0.1731,-0.0066,0.0093,0.5131,0.00874,0.0532,53.5
2495.9,129536,128,-0.273,0.0727,0.1731,-0.0029,0.0069,0.5007,0.004,0.0237,56.6
2515.2,130560,129,-0.265,0.0735,0.1731,-0.0055,0.0089,0.493,0.00282,0.0085,53.5
2533.5,131584,130,-0.266,0.0734,0.1731,-0.005,0.0051,0.545,0.0015,0.0105,56.5
2552.8,132608,131,-0.258,0.0742,0.1731,-0.0045,0.0067,0.5174,0.00187,0.0042,53.4
2572.1,133632,132,-0.251,0.0749,0.1731,-0.0051,0.0104,0.5466,0.00051,0.0083,53.5
2590.4,134656,133,-0.246,0.0754,0.1731,-0.006,0.0067,0.484,0.00076,0.0171,56.5
2608.7,135680,134,-0.243,0.0757,0.1731,-0.0079,0.0047,0.4773,0.00416,0.0283,56.6
2628.0,136704,135,-0.236,0.0764,0.1731,-0.0083,0.0055,0.4219,0.00068,0.0408,53.5
2647.3,137728,136,-0.236,0.0764,0.1731,-0.0094,0.0142,0.5222,0.01786,0.0881,53.5
2666.6,138752,137,-0.23,0.077,0.1731,-0.0068,0.0065,0.4963,0.00802,0.0315,53.4
2686.0,139776,138,-0.224,0.0776,0.1731,-0.0063,0.0061,0.5119,0.00257,0.0623,53.4
2704.2,140800,139,-0.219,0.0781,0.1731,-0.0084,0.0068,0.4501,0.00029,0.0256,56.5
2723.6,141824,140,-0.213,0.0787,0.1731,-0.0069,0.0082,0.4968,-0.00181,0.0315,53.4
2741.9,142848,141,-0.208,0.0792,0.1818,-0.0091,0.0071,0.4676,0.00399,0.0366,56.5
2760.2,143872,142,-0.205,0.0795,0.1818,-0.0051,0.0052,0.4741,0.00396,0.0405,56.5
2779.5,144896,143,-0.193,0.0807,0.1818,-0.0114,0.0046,0.4558,0.00366,0.0232,53.5
2797.8,145920,144,-0.188,0.0812,0.1818,-0.0022,0.0033,0.4491,0.00761,0.0383,56.6
2817.1,146944,145,-0.18,0.082,0.1818,-0.0046,0.0064,0.4662,0.0001,0.0044,53.5
2836.4,147968,146,-0.176,0.0824,0.1818,-0.0026,0.0135,0.4353,0.00037,0.0037,53.6
2854.7,148992,147,-0.171,0.0829,0.1818,-0.0063,0.003,0.4855,0.00527,0.0159,56.6
2872.9,150016,148,-0.166,0.0834,0.1818,-0.0059,0.0023,0.4362,-0.00103,0.0112,56.5
2892.3,151040,149,-0.159,0.0841,0.1818,-0.0047,0.0066,0.4391,0.00419,0.011,53.4
2910.5,152064,150,-0.154,0.0846,0.1818,-0.007,0.0021,0.4661,0.00243,0.0298,56.6
2928.8,153088,151,-0.149,0.0851,0.1818,-0.0135,0.0021,0.4699,0.0104,0.0459,56.6
2947.1,154112,152,-0.14,0.086,0.1818,-0.0053,0.0045,0.4797,0.00297,0.0283,56.6
2966.4,155136,153,-0.128,0.0872,0.1941,-0.01,0.0085,0.486,0.00683,0.0435,53.5
2984.6,156160,154,-0.124,0.0876,0.1941,-0.0097,0.0026,0.4735,0.00245,0.032,56.6
3002.9,157184,155,-0.117,0.0883,0.1941,-0.0119,0.0044,0.4851,0.00899,0.0388,56.6
3022.2,158208,156,-0.11,0.089,0.1941,-0.0066,0.0132,0.4874,0.00123,0.0203,53.5
3040.5,159232,157,-0.104,0.0896,0.1941,-0.0057,0.0042,0.4827,0.00218,0.0227,56.5
3059.8,160256,158,-0.098,0.0902,0.1941,-0.008,0.0093,0.4965,0.0109,0.0972,53.5
3078.1,161280,159,-0.09,0.091,0.1941,-0.0077,0.0064,0.4852,0.0061,0.0269,56.5
3096.4,162304,160,-0.087,0.0913,0.1941,-0.0089,0.0069,0.459,0.00204,0.0222,56.5
3115.7,163328,161,-0.076,0.0924,0.1941,-0.0092,0.0042,0.4746,0.00024,0.0474,53.5
3135.0,164352,162,-0.07,0.093,0.1941,-0.0052,0.0092,0.4861,-0.00029,0.0176,53.5
3153.2,165376,163,-0.065,0.0935,0.1941,-0.0051,0.0038,0.4504,0.00387,0.011,56.6
3171.5,166400,164,-0.06,0.094,0.1941,-0.0033,0.0077,0.491,0.00511,0.0193,56.5
3190.8,167424,165,-0.052,0.0948,0.1941,-0.0066,0.0054,0.5275,0.00418,0.0295,53.5
3209.1,168448,166,-0.047,0.0953,0.1941,-0.0068,0.0052,0.4171,0.00917,0.0527,56.6
3228.4,169472,167,-0.039,0.0961,0.1941,-0.0042,0.0018,0.4188,0.00466,0.0132,53.4
3246.7,170496,168,-0.034,0.0966,0.1941,-0.005,0.0038,0.4191,0.00216,0.032,56.5
3266.0,171520,169,-0.026,0.0974,0.1941,-0.0062,0.0062,0.4012,0.00675,0.0415,53.4
3284.3,172544,170,-0.02,0.098,0.1941,-0.0025,0.003,0.3962,0.00168,0.0254,56.6
3302.6,173568,171,-0.018,0.0982,0.1941,-0.0067,0.0022,0.3714,0.00353,0.0308,56.4
3320.9,174592,172,-0.013,0.0987,0.1941,-0.01,0.006,0.3978,0.00297,0.0332,56.5
3340.3,175616,173,-0.006,0.0994,0.1941,-0.0085,0.0064,0.4393,0.0034,0.0337,53.4
3358.6,176640,174,-0.002,0.0998,0.1941,-0.0045,0.0025,0.396,0.00051,0.0225,56.5
3376.9,177664,175,0.003,0.1003,0.1941,-0.0064,0.0022,0.3917,0.00103,0.0166,56.5
3396.2,178688,176,0.008,0.1008,0.1941,-0.009,0.0043,0.4162,0.00235,0.0259,53.3
3414.5,179712,177,0.013,0.1013,0.1941,-0.0047,0.0014,0.4382,0.00264,0.0315,56.5
3432.8,180736,178,0.017,0.1017,0.1941,-0.006,0.0032,0.407,0.00435,0.0305,56.5
3452.1,181760,179,0.029,0.1029,0.1947,-0.0076,0.0041,0.4186,0.00159,0.0215,53.5
3470.4,182784,180,0.035,0.1035,0.1947,-0.0074,0.0027,0.4089,0.00496,0.0439,56.5
3488.6,183808,181,0.042,0.1042,0.1947,-0.0106,0.003,0.3822,0.00174,0.0269,56.5
3507.0,184832,182,0.049,0.1049,0.1947,-0.0105,0.0026,0.4041,0.01164,0.0811,56.5
3525.2,185856,183,0.055,0.1055,0.1947,-0.0109,0.0019,0.4103,0.00294,0.0188,56.5
3543.5,186880,184,0.061,0.1061,0.1947,-0.006,0.0015,0.3916,0.00259,0.0547,56.6
3561.8,187904,185,0.068,0.1068,0.1947,-0.0079,0.0023,0.3775,0.00362,0.0608,56.5
3580.0,188928,186,0.075,0.1075,0.1947,-0.0054,0.0017,0.3684,0.00439,0.0374,56.6
3598.3,189952,187,0.081,0.1081,0.1947,-0.0044,0.0017,0.3594,0.00743,0.05,56.6
3616.6,190976,188,0.088,0.1088,0.1947,-0.0036,0.0029,0.3448,0.00514,0.0315,56.5
3635.9,192000,189,0.099,0.1099,0.1947,-0.0064,0.0029,0.3912,0.00809,0.0234,53.5
3654.2,193024,190,0.105,0.1105,0.1947,-0.0098,0.0017,0.379,0.00603,0.0571,56.5
3673.5,194048,191,0.106,0.1106,0.1947,-0.0031,0.0041,0.3771,0.00151,0.0166,53.5
3691.8,195072,192,0.113,0.1113,0.1947,-0.0075,0.002,0.37,0.00464,0.0354,56.5
3710.0,196096,193,0.119,0.1119,0.1947,-0.0107,0.0016,0.3796,0.00333,0.0544,56.5
3728.3,197120,194,0.125,0.1125,0.1947,-0.0084,0.0017,0.376,0.00382,0.0437,56.6
3747.6,198144,195,0.131,0.1131,0.1947,-0.0032,0.0126,0.4376,0.00291,0.0349,53.5
3765.9,199168,196,0.138,0.1138,0.1947,-0.007,0.0033,0.385,0.00461,0.0332,56.6
3784.1,200192,197,0.144,0.1144,0.1947,-0.0078,0.0017,0.391,0.00425,0.0471,56.6
3802.4,201216,198,0.149,0.1149,0.1947,-0.0037,0.004,0.3708,0.0033,0.052,56.6
3820.7,202240,199,0.156,0.1156,0.1947,-0.0076,0.0038,0.3594,0.00287,0.0493,56.6
3838.9,203264,200,0.159,0.1159,0.1947,-0.0092,0.0024,0.3565,0.01303,0.0771,56.6
3857.2,204288,201,0.165,0.1165,0.1947,-0.0047,0.003,0.3538,0.00321,0.0635,56.6
3876.5,205312,202,0.176,0.1176,0.1947,-0.0109,0.0016,0.3567,-0.00014,0.0349,53.5
3894.8,206336,203,0.176,0.1176,0.1947,-0.0038,0.0095,0.4126,0.00358,0.0254,56.5
3913.1,207360,204,0.18,0.118,0.1947,-0.0101,0.0018,0.351,0.01207,0.0706,56.5
3932.4,208384,205,0.184,0.1184,0.1947,-0.0027,0.0091,0.351,0.00423,0.0432,53.4
3950.7,209408,206,0.191,0.1191,0.1947,-0.0093,0.0019,0.3431,0.00511,0.0608,56.6
3969.0,210432,207,0.195,0.1195,0.1947,-0.0077,0.0017,0.3234,0.00641,0.0391,56.5
3987.2,211456,208,0.195,0.1195,0.1947,-0.0081,0.0079,0.3606,0.00646,0.0447,56.5
4005.5,212480,209,0.202,0.1202,0.1947,-0.0064,0.0025,0.317,0.00697,0.0657,56.6
4024.8,213504,210,0.211,0.1211,0.1947,-0.003,0.0054,0.3265,0.00575,0.0513,53.4
4043.1,214528,211,0.218,0.1218,0.1947,-0.0075,0.0011,0.3308,0.00436,0.032,56.6
4061.3,215552,212,0.225,0.1225,0.1947,-0.0058,0.001,0.3485,0.00573,0.0256,56.6
4079.6,216576,213,0.228,0.1228,0.1947,-0.0033,0.007,0.4153,0.00416,0.0461,56.5
4098.9,217600,214,0.237,0.1237,0.1947,-0.0036,0.0064,0.3534,0.00177,0.0234,53.5
4118.3,218624,215,0.24,0.124,0.1947,-0.0047,0.0121,0.4462,0.00233,0.0354,53.4
4136.6,219648,216,0.242,0.1242,0.1947,-0.0056,0.0107,0.3749,0.00628,0.0686,56.5
4155.9,220672,217,0.251,0.1251,0.1947,-0.0047,0.0071,0.3923,0.00816,0.0747,53.4
4174.2,221696,218,0.256,0.1256,0.1947,-0.0044,0.007,0.3303,0.00273,0.0127,56.6
4192.5,222720,219,0.263,0.1263,0.1947,-0.0049,0.0028,0.3005,0.00465,0.0474,56.5
4210.7,223744,220,0.267,0.1267,0.1947,-0.0055,0.0019,0.3158,0.00197,0.0474,56.5
4229.0,224768,221,0.271,0.1271,0.1947,-0.0048,0.0027,0.3292,-0.00181,0.0378,56.5
4248.4,225792,222,0.278,0.1278,0.1947,-0.0053,0.0063,0.3536,0.00763,0.0798,53.4
4266.6,226816,223,0.285,0.1285,0.1947,-0.0063,0.0024,0.3218,0.00794,0.0571,56.6
4285.9,227840,224,0.292,0.1292,0.1947,-0.0029,0.0069,0.3508,0.01073,0.0786,53.5
4304.2,228864,225,0.299,0.1299,0.1947,-0.0063,0.0041,0.3328,0.00095,0.0576,56.5
4322.5,229888,226,0.303,0.1303,0.1947,-0.0079,0.0018,0.3151,0.00565,0.0476,56.5
4340.8,230912,227,0.308,0.1308,0.1947,-0.006,0.0012,0.3147,0.00189,0.0364,56.5
4359.1,231936,228,0.315,0.1315,0.1947,-0.0077,0.0011,0.2926,0.00018,0.0427,56.5
4377.4,232960,229,0.323,0.1323,0.1947,-0.0082,0.001,0.2981,0.00496,0.0481,56.5
4395.6,233984,230,0.325,0.1325,0.1947,-0.0047,0.0069,0.3698,0.00601,0.0562,56.6
4414.0,235008,231,0.329,0.1329,0.1947,-0.0044,0.0065,0.3072,0.00242,0.0286,56.5
4432.2,236032,232,0.336,0.1336,0.1947,-0.0045,0.0016,0.3396,0.00331,0.0178,56.6
4451.5,237056,233,0.346,0.1346,0.1947,-0.0048,0.0036,0.3676,0.00197,0.0234,53.5
4469.8,238080,234,0.351,0.1351,0.1947,-0.0052,0.0014,0.354,0.00432,0.0525,56.6
4488.1,239104,235,0.355,0.1355,0.1947,-0.0071,0.0009,0.3493,0.00173,0.0271,56.5
4506.3,240128,236,0.359,0.1359,0.1947,-0.004,0.0017,0.3618,-0.00102,0.0432,56.5
4524.6,241152,237,0.366,0.1366,0.1949,-0.0057,0.0011,0.3626,0.00208,0.0249,56.6
4542.9,242176,238,0.372,0.1372,0.1949,-0.006,0.0013,0.394,0.00765,0.042,56.6
4561.2,243200,239,0.376,0.1376,0.1949,-0.0038,0.0023,0.3735,0.00402,0.0444,56.5
4579.4,244224,240,0.377,0.1377,0.1949,-0.0094,0.0054,0.3774,0.00796,0.0549,56.6
4598.8,245248,241,0.382,0.1382,0.1949,-0.0044,0.0098,0.4327,0.00792,0.0754,53.4
4617.1,246272,242,0.387,0.1387,0.1949,-0.0042,0.004,0.3731,0.00475,0.0256,56.5
4635.3,247296,243,0.391,0.1391,0.1949,-0.0098,0.0022,0.3981,0.00473,0.0886,56.6
4653.6,248320,244,0.391,0.1391,0.1949,-0.0074,0.0069,0.4005,0.00155,0.0403,56.5
4672.8,249344,245,0.399,0.1399,0.1949,-0.0063,0.0026,0.4134,-0.00014,0.0283,53.9
4693.2,250368,246,0.396,0.1396,0.1949,-0.0073,0.0243,0.4783,0.00099,0.0564,50.6
4711.4,251392,247,0.399,0.1399,0.1949,-0.0037,0.0086,0.4696,0.0018,0.0105,56.5
4729.7,252416,248,0.401,0.1401,0.1949,-0.0117,0.0037,0.3981,0.01555,0.0979,56.5
4748.0,253440,249,0.409,0.1409,0.1949,-0.0078,0.0017,0.3909,0.00878,0.0713,56.5
4767.3,254464,250,0.412,0.1412,0.1949,-0.0067,0.0073,0.4551,0.00038,0.0281,53.4
4785.6,255488,251,0.417,0.1417,0.1949,-0.0063,0.0035,0.4074,0.0026,0.033,56.5
4803.9,256512,252,0.421,0.1421,0.1949,-0.0101,0.0018,0.4027,-0.00052,0.0344,56.5
4823.2,257536,253,0.434,0.1434,0.1949,-0.0087,0.0031,0.3932,0.00822,0.0562,53.4
4841.5,258560,254,0.438,0.1438,0.1949,-0.007,0.0011,0.4028,0.00174,0.0476,56.5
4859.8,259584,255,0.444,0.1444,0.1949,-0.0092,0.0012,0.4191,0.00977,0.0391,56.5
4878.1,260608,256,0.448,0.1448,0.1949,-0.0047,0.001,0.4309,0.00206,0.0303,56.4
4896.4,261632,257,0.452,0.1452,0.1949,-0.0053,0.001,0.4289,0.00271,0.0532,56.5
4914.7,262656,258,0.454,0.1454,0.1949,-0.0088,0.0014,0.4254,0.0025,0.0176,56.6
4933.0,263680,259,0.458,0.1458,0.1949,-0.0065,0.0096,0.4851,0.00469,0.0576,56.5
4951.3,264704,260,0.465,0.1465,0.1949,-0.0085,0.0014,0.4039,0.00301,0.0405,56.5
4969.5,265728,261,0.469,0.1469,0.1949,-0.0071,0.0012,0.3955,0.00038,0.0278,56.5
4987.8,266752,262,0.474,0.1474,0.1949,-0.0098,0.0014,0.3875,0.00501,0.0464,56.5
5006.1,267776,263,0.479,0.1479,0.1949,-0.008,0.0011,0.3941,0.00281,0.0217,56.5
5025.5,268800,264,0.487,0.1487,0.1949,-0.0083,0.0045,0.4031,0.00167,0.0237,53.4
5043.7,269824,265,0.491,0.1491,0.1949,-0.0082,0.0074,0.4757,0.00376,0.0176,56.6
5062.0,270848,266,0.496,0.1496,0.1949,-0.0134,0.0086,0.4359,0.00732,0.0334,56.6
5081.3,271872,267,0.504,0.1504,0.1949,-0.0079,0.0056,0.4376,0.00525,0.0759,53.5
5099.6,272896,268,0.508,0.1508,0.195,-0.0075,0.0028,0.4276,0.00792,0.042,56.6
5117.9,273920,269,0.511,0.1511,0.1954,-0.0089,0.0022,0.4326,0.00252,0.0325,56.5
5136.1,274944,270,0.514,0.1514,0.1954,-0.0077,0.0022,0.4335,0.00371,0.0791,56.6
5154.4,275968,271,0.514,0.1514,0.1954,-0.0041,0.0082,0.5007,0.00083,0.0107,56.5
5172.7,276992,272,0.518,0.1518,0.1954,-0.0082,0.002,0.428,0.00198,0.0347,56.5
5191.0,278016,273,0.522,0.1522,0.1954,-0.0066,0.0013,0.4232,0.00172,0.0149,56.5
5207.0,279040,274,0.526,0.1526,0.1954,-0.0057,0.003,0.426,0.00187,0.0195,64.6
5225.3,280064,275,0.529,0.1529,0.1954,-0.0072,0.0013,0.4148,0.00547,0.0317,56.5
5244.6,281088,276,0.534,0.1534,0.1954,-0.008,0.0027,0.4063,0.00786,0.0603,53.4
5262.9,282112,277,0.541,0.1541,0.1954,-0.0052,0.0013,0.3685,0.00502,0.0347,56.5
5281.2,283136,278,0.546,0.1546,0.1954,-0.0068,0.0011,0.3592,0.00276,0.0291,56.5
5299.5,284160,279,0.547,0.1547,0.1954,-0.0065,0.0011,0.364,0.00688,0.0408,56.5
5317.8,285184,280,0.551,0.1551,0.1954,-0.006,0.001,0.3591,0.00506,0.0293,56.5
5336.0,286208,281,0.557,0.1557,0.1954,-0.0062,0.0009,0.3702,0.01024,0.052,56.5
5355.4,287232,282,0.557,0.1557,0.1954,-0.0064,0.0105,0.3752,0.00325,0.0337,53.5
5373.6,288256,283,0.559,0.1559,0.1954,-0.0053,0.002,0.378,0.00345,0.0303,56.6
5392.9,289280,284,0.558,0.1558,0.1954,-0.0085,0.0116,0.359,0.00595,0.053,53.4
5411.2,290304,285,0.558,0.1558,0.1954,-0.0042,0.0091,0.4215,0.0031,0.0271,56.5
5429.5,291328,286,0.56,0.156,0.1954,-0.0056,0.0021,0.3525,0.00178,0.0259,56.5
5447.8,292352,287,0.564,0.1564,0.1954,-0.008,0.0012,0.3507,0.00354,0.051,56.6
5466.0,293376,288,0.568,0.1568,0.1954,-0.0097,0.0012,0.3296,0.00748,0.0457,56.6
5484.3,294400,289,0.573,0.1573,0.1954,-0.0068,0.0008,0.342,0.00353,0.03,56.6
5502.6,295424,290,0.574,0.1574,0.1954,-0.005,0.002,0.3374,0.00119,0.0232,56.5
5520.8,296448,291,0.576,0.1576,0.1954,-0.006,0.0011,0.3479,0.00443,0.0352,56.6
5539.1,297472,292,0.578,0.1578,0.1954,-0.0072,0.0008,0.3401,0.00643,0.0603,56.5
5557.4,298496,293,0.58,0.158,0.1954,-0.0077,0.0006,0.3565,0.00359,0.0422,56.5
5575.7,299520,294,0.584,0.1584,0.1954,-0.003,0.0019,0.3331,-0.00138,0.0393,56.6
5595.0,300544,295,0.596,0.1596,0.1954,-0.0031,0.0018,0.3534,0.00605,0.0403,53.4
5613.3,301568,296,0.6,0.16,0.1954,-0.0067,0.0008,0.3639,0.00471,0.0457,56.6
5631.5,302592,297,0.602,0.1602,0.1954,-0.0093,0.0026,0.3894,0.00278,0.019,56.6
5649.8,303616,298,0.606,0.1606,0.1954,-0.0054,0.0018,0.3166,0.00881,0.0933,56.6
5668.1,304640,299,0.608,0.1608,0.1954,-0.0038,0.0013,0.3229,0.00481,0.0234,56.5
5686.4,305664,300,0.611,0.1611,0.1954,-0.0099,0.0011,0.3253,0.00922,0.0801,56.6
5704.6,306688,301,0.615,0.1615,0.1954,-0.0042,0.0009,0.33,0.00463,0.0374,56.6
5722.9,307712,302,0.616,0.1616,0.1954,-0.0053,0.0006,0.3314,0.00597,0.0195,56.5
5741.2,308736,303,0.616,0.1616,0.1954,-0.0052,0.0091,0.3512,0.0047,0.0488,56.5
5760.5,309760,304,0.617,0.1617,0.1954,-0.0047,0.0063,0.3838,0.00153,0.0171,53.4
5778.8,310784,305,0.62,0.162,0.1954,-0.0065,0.0018,0.3185,0.00611,0.0393,56.6
5798.1,311808,306,0.616,0.1616,0.1954,-0.0065,0.0103,0.4021,0.00012,0.0981,53.5
5816.4,312832,307,0.622,0.1622,0.1954,-0.0018,0.0037,0.4179,0.00328,0.0486,56.6
5834.6,313856,308,0.624,0.1624,0.1954,-0.005,0.0028,0.3483,0.00578,0.0332,56.6
5852.9,314880,309,0.626,0.1626,0.1954,-0.0059,0.0017,0.3535,0.00639,0.0281,56.5
5871.2,315904,310,0.627,0.1627,0.1954,-0.009,0.0012,0.3604,0.00292,0.0312,56.6
5890.5,316928,311,0.627,0.1627,0.1954,-0.0042,0.0051,0.4355,0.00036,0.0159,53.5
5908.8,317952,312,0.625,0.1625,0.1954,-0.0075,0.0087,0.4444,0.00286,0.0864,56.6
5928.0,318976,313,0.622,0.1622,0.1954,-0.0059,0.0092,0.4235,0.00467,0.0212,53.5
5946.3,320000,314,0.624,0.1624,0.1954,-0.0048,0.0026,0.3528,0.0041,0.0256,56.5
5964.6,321024,315,0.623,0.1623,0.1954,-0.0108,0.002,0.3935,0.00539,0.0337,56.6
5982.9,322048,316,0.625,0.1625,0.1954,-0.0078,0.0017,0.3376,0.00562,0.0691,56.5
6002.2,323072,317,0.627,0.1627,0.1954,-0.0083,0.0068,0.3536,0.00516,0.0288,53.4
6020.5,324096,318,0.63,0.163,0.1954,-0.0086,0.0013,0.3556,0.00401,0.0505,56.5
6038.8,325120,319,0.631,0.1631,0.1954,-0.0074,0.001,0.3693,0.0011,0.053,56.5
6058.1,326144,320,0.629,0.1629,0.1954,-0.0079,0.0142,0.4997,0.00599,0.0283,53.4
6076.4,327168,321,0.629,0.1629,0.1954,-0.0084,0.002,0.37,0.00959,0.0852,56.5
6094.7,328192,322,0.629,0.1629,0.1954,-0.0033,0.0083,0.4535,0.00665,0.0386,56.6
6112.9,329216,323,0.63,0.163,0.1954,-0.0074,0.0014,0.3578,0.00901,0.0681,56.6
6131.2,330240,324,0.632,0.1632,0.1954,-0.0064,0.0015,0.3531,0.00363,0.0247,56.6
6150.5,331264,325,0.634,0.1634,0.1954,-0.0084,0.0076,0.4768,0.00362,0.0417,53.5
6168.8,332288,326,0.636,0.1636,0.1954,-0.0068,0.0017,0.3535,0.00112,0.0583,56.6
6187.0,333312,327,0.64,0.164,0.1954,-0.0072,0.0012,0.3852,0.00463,0.0205,56.6
6206.3,334336,328,0.637,0.1637,0.1954,-0.0081,0.0174,0.5142,0.00198,0.022,53.4
6224.6,335360,329,0.636,0.1636,0.1954,-0.006,0.0073,0.3882,0.00458,0.0366,56.6
6242.9,336384,330,0.638,0.1638,0.1954,-0.0093,0.0014,0.3667,0.00604,0.0757,56.5
6262.2,337408,331,0.638,0.1638,0.1954,-0.0086,0.0067,0.4976,0.00521,0.0554,53.5
6282.6,338432,332,0.632,0.1632,0.1954,-0.0077,0.0167,0.4863,0.0028,0.0278,50.6
6300.9,339456,333,0.632,0.1632,0.1954,-0.004,0.0063,0.4847,0.0027,0.0632,56.5
6319.1,340480,334,0.626,0.1626,0.1954,-0.0031,0.011,0.4044,-0.00366,0.0144,56.6
6338.4,341504,335,0.627,0.1627,0.1954,-0.0067,0.0037,0.4575,0.00283,0.0142,53.6
6356.7,342528,336,0.625,0.1625,0.1954,-0.006,0.0049,0.4521,0.00629,0.072,56.4
6376.0,343552,337,0.622,0.1622,0.1954,-0.0016,0.0094,0.4739,0.00146,0.0098,53.5
6394.3,344576,338,0.621,0.1621,0.1954,-0.0066,0.0107,0.3852,0.00242,0.0142,56.6
6413.6,345600,339,0.626,0.1626,0.1954,-0.0045,0.0029,0.3769,0.00256,0.0142,53.4
6431.9,346624,340,0.622,0.1622,0.1954,-0.0084,0.006,0.4878,0.00588,0.1045,56.6
6451.2,347648,341,0.62,0.162,0.1954,-0.0063,0.0041,0.3886,0.00581,0.0916,53.5
6469.5,348672,342,0.616,0.1616,0.1954,-0.0085,0.0048,0.4941,0.0051,0.0649,56.6
6487.7,349696,343,0.616,0.1616,0.1954,-0.0084,0.0022,0.3632,0.00864,0.064,56.6
6507.1,350720,344,0.611,0.1611,0.1954,-0.0046,0.0087,0.4778,0.00091,0.0205,53.4
6525.4,351744,345,0.611,0.1611,0.1954,-0.0048,0.0044,0.3634,0.00441,0.0283,56.5
6544.7,352768,346,0.604,0.1604,0.1954,-0.0055,0.0082,0.4512,0.00177,0.0654,53.4
6563.0,353792,347,0.601,0.1601,0.1954,-0.0077,0.0057,0.477,0.00274,0.0276,56.5
6581.3,354816,348,0.599,0.1599,0.1954,-0.0067,0.0075,0.4075,0.00386,0.0347,56.6
6601.7,355840,349,0.596,0.1596,0.1954,-0.0073,0.0146,0.4836,0.00209,0.0322,50.6
6621.1,356864,350,0.584,0.1584,0.1954,-0.0097,0.0118,0.5207,0.00426,0.0845,53.4
6640.4,357888,351,0.576,0.1576,0.1954,-0.0045,0.0101,0.5207,0.00544,0.0295,53.4
6659.7,358912,352,0.577,0.1577,0.1954,-0.0078,0.0084,0.4989,0.00359,0.0203,53.4
6680.1,359936,353,0.563,0.1563,0.1954,-0.0041,0.0152,0.5145,0.00329,0.033,50.6
6698.4,360960,354,0.563,0.1563,0.1954,-0.005,0.0056,0.3678,0.00319,0.0403,56.5
6716.7,361984,355,0.564,0.1564,0.1954,-0.0079,0.0034,0.3707,0.00526,0.0403,56.6
6735.0,363008,356,0.561,0.1561,0.1954,-0.007,0.0052,0.4599,0.00706,0.0525,56.5
6754.3,364032,357,0.553,0.1553,0.1954,-0.0068,0.0059,0.491,-0.00204,0.0203,53.5
6773.6,365056,358,0.55,0.155,0.1954,-0.008,0.0059,0.4656,0.00301,0.019,53.5
6791.9,366080,359,0.55,0.155,0.1954,-0.0077,0.0043,0.3587,-0.00148,0.0278,56.5
6811.2,367104,360,0.546,0.1546,0.1954,-0.006,0.0049,0.4357,0.00422,0.0588,53.5
6829.5,368128,361,0.546,0.1546,0.1954,-0.009,0.0039,0.3284,0.00693,0.0415,56.5
6848.8,369152,362,0.539,0.1539,0.1954,-0.0028,0.0055,0.4537,0.00089,0.0483,53.4
6867.1,370176,363,0.539,0.1539,0.1954,-0.0059,0.0058,0.336,0.01055,0.0562,56.5
6885.4,371200,364,0.539,0.1539,0.1954,-0.0062,0.0024,0.3126,0.00689,0.0737,56.5
6904.7,372224,365,0.535,0.1535,0.1954,-0.0046,0.0031,0.418,0.00359,0.0161,53.5
6923.0,373248,366,0.535,0.1535,0.1954,-0.005,0.0043,0.3547,-0.00018,0.0176,56.6
6941.2,374272,367,0.535,0.1535,0.1954,-0.0061,0.0031,0.3074,0.00537,0.04,56.5
6960.6,375296,368,0.542,0.1542,0.1954,-0.0088,0.004,0.3113,0.00639,0.0864,53.4
6978.9,376320,369,0.549,0.1549,0.1954,-0.0079,0.0016,0.3094,0.00075,0.0281,56.5
6998.2,377344,370,0.543,0.1543,0.1954,-0.004,0.0144,0.3578,0.00405,0.0742,53.4
7016.5,378368,371,0.541,0.1541,0.1954,-0.0032,0.0108,0.2958,0.00123,0.019,56.6
7035.6,379392,372,0.544,0.1544,0.1954,-0.0048,0.0021,0.3065,0.00176,0.0217,53.8
7053.9,380416,373,0.539,0.1539,0.1954,-0.0045,0.0053,0.3994,0.00368,0.0161,56.6
7072.2,381440,374,0.54,0.154,0.1954,-0.0072,0.0025,0.315,0.00329,0.0334,56.5
7091.5,382464,375,0.536,0.1536,0.1954,-0.0071,0.0062,0.3919,0.00224,0.0149,53.5
7109.8,383488,376,0.536,0.1536,0.1954,-0.0087,0.0017,0.3099,0.00471,0.0266,56.5
7128.0,384512,377,0.539,0.1539,0.1954,-0.0059,0.0011,0.3281,0.00468,0.0364,56.5
7146.3,385536,378,0.541,0.1541,0.1954,-0.0021,0.0047,0.3405,0.00043,0.0193,56.6
7164.6,386560,379,0.539,0.1539,0.1954,-0.0041,0.0092,0.3244,0.00043,0.0671,56.6
7183.9,387584,380,0.536,0.1536,0.1954,-0.0031,0.0053,0.4238,0.00018,0.0044,53.4
7202.2,388608,381,0.532,0.1532,0.1954,-0.0071,0.0063,0.4031,0.00375,0.0334,56.5
7220.5,389632,382,0.532,0.1532,0.1954,-0.0066,0.0022,0.3267,0.00628,0.0244,56.5
7239.8,390656,383,0.534,0.1534,0.1954,-0.0069,0.0062,0.408,0.00708,0.0657,53.4
7258.1,391680,384,0.534,0.1534,0.1954,-0.0062,0.0014,0.313,0.00472,0.0281,56.6
7276.3,392704,385,0.534,0.1534,0.1954,-0.0059,0.0016,0.3208,0.00359,0.0293,56.6
7294.6,393728,386,0.533,0.1533,0.1954,-0.0118,0.0031,0.35,0.01409,0.0371,56.6
7312.9,394752,387,0.533,0.1533,0.1954,-0.0058,0.0022,0.3225,0.00575,0.0303,56.5
7332.2,395776,388,0.528,0.1528,0.1954,-0.0044,0.0072,0.3336,0.00136,0.0449,53.5
7350.4,396800,389,0.528,0.1528,0.1954,-0.0051,0.0023,0.3046,0.00422,0.0486,56.6
7368.7,397824,390,0.526,0.1526,0.1954,-0.0031,0.0043,0.3548,-0.00254,0.0469,56.6
7387.0,398848,391,0.526,0.1526,0.1954,-0.0058,0.0024,0.2893,0.00372,0.0393,56.6
7405.3,399872,392,0.529,0.1529,0.1954,-0.0061,0.0013,0.2782,0.00476,0.0334,56.5
7423.5,400896,393,0.531,0.1531,0.1954,-0.0049,0.001,0.2722,0.00472,0.041,56.6
7441.8,401920,394,0.536,0.1536,0.1954,-0.006,0.0008,0.2578,0.00459,0.0459,56.5
7460.1,402944,395,0.536,0.1536,0.1954,-0.0065,0.0008,0.2755,0.00424,0.0505,56.6
7478.4,403968,396,0.536,0.1536,0.1954,-0.0067,0.0007,0.273,0.00796,0.0461,56.5
7496.7,404992,397,0.54,0.154,0.1954,-0.0063,0.0009,0.2652,0.00367,0.0457,56.6
7516.0,406016,398,0.534,0.1534,0.1954,-0.0038,0.0088,0.312,0.00061,0.0459,53.5
7534.2,407040,399,0.54,0.154,0.1954,-0.0072,0.0017,0.3104,0.00512,0.0315,56.5
7552.5,408064,400,0.547,0.1547,0.1954,-0.0083,0.0008,0.2841,0.00522,0.0398,56.5
7570.9,409088,401,0.553,0.1553,0.1954,-0.0068,0.0008,0.274,0.00438,0.0334,56.4
7590.2,410112,402,0.554,0.1554,0.1954,-0.0045,0.002,0.2878,0.00745,0.0535,53.4
7608.5,411136,403,0.554,0.1554,0.1954,-0.008,0.0007,0.2763,0.00572,0.0403,56.5
7626.8,412160,404,0.556,0.1556,0.1954,-0.007,0.0007,0.2716,0.00117,0.0518,56.5
7645.1,413184,405,0.563,0.1563,0.1954,-0.0048,0.001,0.2744,0.0111,0.0488,56.5
7663.3,414208,406,0.563,0.1563,0.1954,-0.0077,0.0005,0.268,0.0043,0.0266,56.6
7681.6,415232,407,0.563,0.1563,0.1954,-0.0069,0.0005,0.249,0.00547,0.0464,56.6
7699.8,416256,408,0.558,0.1558,0.1954,-0.0128,0.0077,0.2853,0.01697,0.0398,56.6
7718.1,417280,409,0.558,0.1558,0.1954,-0.0056,0.0013,0.2767,0.005,0.0403,56.6
7737.4,418304,410,0.558,0.1558,0.1954,-0.0065,0.0008,0.2902,0.00662,0.0476,53.4
7755.7,419328,411,0.558,0.1558,0.1954,-0.0063,0.0007,0.295,0.00496,0.0256,56.5
7774.0,420352,412,0.558,0.1558,0.1954,-0.0076,0.0007,0.2879,0.00157,0.0305,56.5
7792.3,421376,413,0.558,0.1558,0.1954,-0.0071,0.0008,0.3028,0.00263,0.0266,56.5
7810.6,422400,414,0.562,0.1562,0.1954,-0.0074,0.0005,0.3119,0.00828,0.0366,56.5
7828.8,423424,415,0.558,0.1558,0.1954,-0.0063,0.0098,0.3899,0.00739,0.0874,56.5
7847.1,424448,416,0.558,0.1558,0.1954,-0.007,0.0009,0.2994,0.00411,0.0376,56.5
7865.4,425472,417,0.558,0.1558,0.1954,-0.0046,0.0007,0.3022,0.00028,0.0217,56.5
7885.8,426496,418,0.548,0.1548,0.1954,-0.0056,0.0183,0.34,0.0045,0.0352,50.7
7904.0,427520,419,0.551,0.1551,0.1954,-0.0052,0.0009,0.2973,-0.00074,0.0186,56.6
7922.3,428544,420,0.554,0.1554,0.1954,-0.0066,0.0008,0.2935,0.00432,0.0264,56.5
7940.6,429568,421,0.556,0.1556,0.1954,-0.0059,0.0006,0.3007,-0.00039,0.0239,56.5
7958.9,430592,422,0.556,0.1556,0.1954,-0.0082,0.0005,0.3086,0.00479,0.0432,56.5
7977.1,431616,423,0.552,0.1552,0.1954,-0.0139,0.0077,0.3882,0.01202,0.0574,56.6
7995.4,432640,424,0.552,0.1552,0.1954,-0.0072,0.0018,0.3268,0.00261,0.0276,56.5
8013.7,433664,425,0.55,0.155,0.1954,-0.0018,0.0086,0.2948,0.00184,0.0503,56.5
8033.0,434688,426,0.552,0.1552,0.1954,-0.0038,0.0032,0.3437,0.00758,0.0269,53.5
8051.3,435712,427,0.552,0.1552,0.1954,-0.0028,0.0014,0.2956,0.00267,0.0193,56.5
8069.5,436736,428,0.55,0.155,0.1954,-0.0018,0.0059,0.3463,0.00097,0.0068,56.5
8087.8,437760,429,0.55,0.155,0.1954,-0.0045,0.0033,0.2956,0.002,0.0259,56.5
8107.1,438784,430,0.548,0.1548,0.1954,-0.0066,0.0064,0.3036,0.0045,0.0898,53.5
8125.4,439808,431,0.548,0.1548,0.1954,-0.0043,0.0014,0.2967,-0.00193,0.0276,56.5
8143.7,440832,432,0.549,0.1549,0.1954,-0.0046,0.0012,0.2816,0.00316,0.0251,56.5
8162.0,441856,433,0.546,0.1546,0.1954,-0.0008,0.0056,0.3555,-0.00136,0.0049,56.5
8180.2,442880,434,0.546,0.1546,0.1954,-0.0074,0.0012,0.2857,0.00435,0.0286,56.6
8198.5,443904,435,0.543,0.1543,0.1954,-0.0105,0.0031,0.3259,0.01063,0.0974,56.5
8216.8,444928,436,0.544,0.1544,0.1954,-0.0033,0.0021,0.292,0.00526,0.0496,56.6
8235.1,445952,437,0.55,0.155,0.1954,-0.0062,0.0007,0.2756,0.0005,0.0251,56.5
8253.3,446976,438,0.551,0.1551,0.1954,-0.0059,0.0005,0.2905,0.00489,0.0361,56.6
8271.6,448000,439,0.559,0.1559,0.1954,-0.0069,0.0009,0.301,0.00072,0.0325,56.5
8289.9,449024,440,0.559,0.1559,0.1954,-0.0065,0.0005,0.2789,0.00227,0.0203,56.5
8308.2,450048,441,0.563,0.1563,0.1954,-0.0076,0.0007,0.2966,0.00404,0.0413,56.5
8327.5,451072,442,0.56,0.156,0.1954,-0.0051,0.0064,0.3469,0.00564,0.0735,53.5
8345.8,452096,443,0.56,0.156,0.1954,-0.0056,0.0016,0.2637,0.00846,0.041,56.5
8364.1,453120,444,0.56,0.156,0.1954,-0.0068,0.0008,0.2825,0.00791,0.0549,56.6
8382.3,454144,445,0.56,0.156,0.1954,-0.0061,0.0007,0.2953,0.00414,0.0273,56.5
8400.6,455168,446,0.56,0.156,0.1954,-0.0054,0.0007,0.2922,0.00878,0.0623,56.6
8418.9,456192,447,0.56,0.156,0.1954,-0.006,0.0006,0.2698,0.01304,0.073,56.5
8437.2,457216,448,0.56,0.156,0.1954,-0.0057,0.0005,0.2512,-0.00124,0.0483,56.5
8455.4,458240,449,0.561,0.1561,0.1954,-0.0062,0.0004,0.2486,0.00266,0.0339,56.6
8473.7,459264,450,0.562,0.1562,0.1954,-0.0066,0.0006,0.2517,0.00103,0.033,56.6
8491.9,460288,451,0.562,0.1562,0.1954,-0.0054,0.0007,0.2679,0.0051,0.0657,56.5
8510.2,461312,452,0.558,0.1558,0.1954,-0.0029,0.0089,0.2694,0.00182,0.0112,56.6
8529.4,462336,453,0.56,0.156,0.1954,-0.0061,0.0008,0.2654,0.00585,0.0334,53.8
8547.7,463360,454,0.56,0.156,0.1954,-0.0047,0.0006,0.255,0.00115,0.0164,56.5
8566.0,464384,455,0.56,0.156,0.1954,-0.0054,0.0005,0.2663,0.00405,0.042,56.5
8584.3,465408,456,0.56,0.156,0.1954,-0.0075,0.0004,0.262,0.00208,0.0195,56.5
8602.5,466432,457,0.56,0.156,0.1954,-0.0073,0.0004,0.2395,0.00345,0.0244,56.5
8620.8,467456,458,0.564,0.1564,0.1954,-0.0062,0.0005,0.25,0.00538,0.0503,56.6
8639.1,468480,459,0.564,0.1564,0.1954,-0.0065,0.0005,0.2453,0.00649,0.051,56.6
8657.4,469504,460,0.566,0.1566,0.1954,-0.0068,0.0006,0.2435,0.00787,0.0605,56.5
8675.6,470528,461,0.566,0.1566,0.1954,-0.0046,0.0006,0.2314,0.00378,0.0642,56.5
8693.9,471552,462,0.573,0.1573,0.1954,-0.0058,0.0004,0.2183,0.00646,0.0283,56.5
8712.2,472576,463,0.576,0.1576,0.1954,-0.0058,0.0004,0.2125,0.00381,0.0159,56.5
8730.5,473600,464,0.578,0.1578,0.1954,-0.0066,0.0004,0.2238,0.00212,0.0303,56.5
8748.7,474624,465,0.579,0.1579,0.1954,-0.0048,0.0004,0.2338,0.00271,0.0168,56.5
8767.0,475648,466,0.579,0.1579,0.1954,-0.0063,0.0003,0.2094,0.00354,0.0334,56.5
8785.3,476672,467,0.579,0.1579,0.1954,-0.0041,0.0004,0.1864,0.00583,0.0356,56.6
8803.6,477696,468,0.579,0.1579,0.1954,-0.0008,0.0086,0.2034,-4e-05,0.019,56.6
8821.8,478720,469,0.581,0.1581,0.1954,-0.003,0.001,0.2001,0.00553,0.0295,56.5
8841.1,479744,470,0.586,0.1586,0.1954,-0.0027,0.0012,0.2209,0.00872,0.0183,53.6
8859.4,480768,471,0.59,0.159,0.1954,-0.0067,0.0006,0.2184,0.00295,0.0276,56.6
8877.6,481792,472,0.59,0.159,0.1954,-0.0057,0.0005,0.209,-0.00142,0.0415,56.6
8895.9,482816,473,0.591,0.1591,0.1954,-0.0067,0.0003,0.1958,0.00316,0.0349,56.5
8914.2,483840,474,0.591,0.1591,0.1954,-0.0036,0.0004,0.201,0.00167,0.0325,56.5
8932.5,484864,475,0.595,0.1595,0.1954,-0.0041,0.0003,0.2051,0.00085,0.0327,56.5
8950.7,485888,476,0.595,0.1595,0.1954,-0.0061,0.0003,0.2078,0.00977,0.0544,56.5
8969.0,486912,477,0.595,0.1595,0.1954,-0.0041,0.0003,0.1874,0.00157,0.0291,56.6
8987.3,487936,478,0.595,0.1595,0.1954,-0.0044,0.0003,0.2197,-0.0007,0.0256,56.5
9005.6,488960,479,0.602,0.1602,0.1954,-0.0041,0.0003,0.2214,0.00061,0.0264,56.6
9023.8,489984,480,0.606,0.1606,0.1954,-0.0065,0.0003,0.2457,0.00621,0.0356,56.5
9042.1,491008,481,0.606,0.1606,0.1954,-0.0056,0.0003,0.2428,0.00279,0.0286,56.6
9060.4,492032,482,0.61,0.161,0.1954,-0.0055,0.0003,0.21,0.00141,0.0247,56.5
9078.7,493056,483,0.61,0.161,0.1954,-0.004,0.0004,0.206,0.00153,0.019,56.5
9097.0,494080,484,0.61,0.161,0.1954,-0.0046,0.0003,0.2188,0.00214,0.0371,56.5
9115.2,495104,485,0.612,0.1612,0.1954,-0.0049,0.0002,0.2123,-0.00062,0.0271,56.6
9133.5,496128,486,0.612,0.1612,0.1954,-0.0015,0.0083,0.2153,-0.00097,0.0164,56.5
9152.7,497152,487,0.612,0.1612,0.1954,-0.0076,0.0008,0.2178,0.00143,0.0293,53.9
9171.0,498176,488,0.616,0.1616,0.1954,-0.0052,0.0004,0.233,0.00379,0.0229,56.5
9189.2,499200,489,0.62,0.162,0.1954,-0.0068,0.0024,0.265,0.00427,0.0549,56.5
9207.5,500224,490,0.623,0.1623,0.1954,-0.003,0.0009,0.2237,0.00129,0.0088,56.6
9226.8,501248,491,0.617,0.1617,0.1954,-0.0081,0.0034,0.2257,0.00643,0.0303,53.4
9245.1,502272,492,0.621,0.1621,0.1954,-0.0075,0.0009,0.2342,0.00149,0.0403,56.5
9263.4,503296,493,0.623,0.1623,0.1954,-0.0028,0.0056,0.2707,0.00187,0.0408,56.5
9281.7,504320,494,0.627,0.1627,0.1954,-0.0063,0.0013,0.2266,0.00362,0.0244,56.5
9299.9,505344,495,0.634,0.1634,0.1954,-0.0048,0.0007,0.2443,0.00224,0.0393,56.6
9318.2,506368,496,0.636,0.1636,0.1954,-0.0055,0.0005,0.2495,-0.00055,0.0215,56.6
9336.4,507392,497,0.641,0.1641,0.1954,-0.005,0.0004,0.2637,0.00093,0.0222,56.6
9354.7,508416,498,0.643,0.1643,0.1954,-0.0054,0.0004,0.2625,0.00091,0.0237,56.5
9373.0,509440,499,0.645,0.1645,0.1954,-0.0065,0.0004,0.296,0.00341,0.0186,56.6
9391.3,510464,500,0.648,0.1648,0.1954,-0.0079,0.0005,0.2661,0.0049,0.0364,56.6
9409.6,511488,501,0.651,0.1651,0.1954,-0.0064,0.0004,0.2568,0.00347,0.0281,56.5
9427.9,512512,502,0.657,0.1657,0.1954,-0.0074,0.0003,0.273,0.00296,0.0374,56.5
9446.1,513536,503,0.661,0.1661,0.1954,-0.0065,0.0004,0.2774,0.00267,0.0264,56.6
9464.4,514560,504,0.661,0.1661,0.1954,-0.0069,0.0006,0.2797,0.00809,0.0491,56.6
9482.7,515584,505,0.661,0.1661,0.1954,-0.0059,0.0004,0.2596,0.00906,0.0493,56.6
9502.0,516608,506,0.666,0.1666,0.1954,-0.002,0.0079,0.3053,-0.00036,0.0388,53.5
9520.3,517632,507,0.666,0.1666,0.1954,-0.0057,0.001,0.2486,0.00332,0.0195,56.5
9538.5,518656,508,0.67,0.167,0.1954,-0.0069,0.0006,0.2455,0.00124,0.0552,56.5
9557.9,519680,509,0.667,0.1667,0.1954,-0.0032,0.0016,0.2445,0.00346,0.0181,53.4
9576.2,520704,510,0.67,0.167,0.1954,-0.0037,0.0005,0.2322,0.001,0.0369,56.5
9594.4,521728,511,0.67,0.167,0.1954,-0.0065,0.0003,0.2421,0.00238,0.0391,56.6
9613.7,522752,512,0.668,0.1668,0.1954,-0.0021,0.0045,0.2447,0.00233,0.0142,53.5
9632.0,523776,513,0.671,0.1671,0.1954,-0.0066,0.0004,0.265,0.00096,0.0342,56.6
9650.3,524800,514,0.675,0.1675,0.1954,-0.0069,0.0003,0.2476,0.00544,0.0269,56.5
9669.6,525824,515,0.671,0.1671,0.1954,-0.0026,0.0041,0.2493,0.00619,0.0325,53.4
9687.9,526848,516,0.679,0.1679,0.1954,-0.006,0.0004,0.2577,0.00433,0.0264,56.5
9706.2,527872,517,0.687,0.1687,0.1954,-0.0045,0.0004,0.248,0.00077,0.0334,56.5
9725.5,528896,518,0.684,0.1684,0.1954,-0.0017,0.0096,0.3209,-8e-05,0.0239,53.4
9744.8,529920,519,0.687,0.1687,0.1954,-0.0113,0.0106,0.237,0.02091,0.1404,53.4
9763.1,530944,520,0.691,0.1691,0.1954,-0.0056,0.001,0.2713,0.00417,0.0259,56.5
9781.4,531968,521,0.695,0.1695,0.1954,-0.006,0.0005,0.2526,0.00876,0.0366,56.5
9799.7,532992,522,0.703,0.1703,0.1954,-0.0076,0.0005,0.2761,0.00766,0.0386,56.6
9817.9,534016,523,0.708,0.1708,0.1954,-0.0095,0.0007,0.3127,0.00344,0.043,56.5
9836.2,535040,524,0.708,0.1708,0.1954,-0.0077,0.0005,0.3069,0.0097,0.0635,56.5
9855.6,536064,525,0.704,0.1704,0.1954,-0.0037,0.0103,0.3196,0.00197,0.0273,53.3
9873.9,537088,526,0.703,0.1703,0.1954,-0.0069,0.0074,0.4473,0.00325,0.0212,56.5
9893.2,538112,527,0.701,0.1701,0.1954,-0.0079,0.0106,0.4359,0.00453,0.0615,53.4
9912.5,539136,528,0.701,0.1701,0.1954,-0.0062,0.0074,0.3015,0.00269,0.0503,53.5
9930.8,540160,529,0.705,0.1705,0.1954,-0.0084,0.0013,0.2643,0.0052,0.0383,56.5
9949.0,541184,530,0.708,0.1708,0.1954,-0.0071,0.0029,0.2863,0.00265,0.0195,56.6
9967.3,542208,531,0.708,0.1708,0.1954,0.0002,0.0018,0.2769,0.00238,0.0188,56.6
9985.6,543232,532,0.71,0.171,0.1954,-0.0074,0.0095,0.3354,0.00916,0.0803,56.6
10003.8,544256,533,0.713,0.1713,0.1954,-0.0066,0.0037,0.2978,0.00729,0.0315,56.6
10023.2,545280,534,0.717,0.1717,0.1954,-0.0072,0.0012,0.3173,0.00616,0.0403,53.5
10041.4,546304,535,0.717,0.1717,0.1954,-0.0078,0.001,0.3281,0.00777,0.0383,56.5
10059.7,547328,536,0.721,0.1721,0.1954,-0.0076,0.0008,0.3128,0.00161,0.0251,56.6
10079.0,548352,537,0.715,0.1715,0.1954,-0.0068,0.0043,0.3445,0.00266,0.0386,53.4
10098.4,549376,538,0.708,0.1708,0.1954,-0.0051,0.0028,0.3364,0.00649,0.0923,53.4
10116.6,550400,539,0.708,0.1708,0.1954,-0.0059,0.0005,0.3193,0.00477,0.0361,56.6
10134.9,551424,540,0.711,0.1711,0.1954,-0.0061,0.0006,0.3072,0.00483,0.0354,56.5
10154.2,552448,541,0.718,0.1718,0.1954,-0.0022,0.0023,0.306,0.00169,0.0166,53.5
10172.5,553472,542,0.718,0.1718,0.1954,-0.0064,0.0004,0.3041,0.00273,0.0359,56.6
10190.7,554496,543,0.718,0.1718,0.1954,-0.0085,0.0005,0.2995,0.00585,0.0525,56.6
10209.0,555520,544,0.722,0.1722,0.1954,-0.0053,0.0005,0.3143,-0.00084,0.0205,56.5
10227.3,556544,545,0.722,0.1722,0.1954,-0.0066,0.0004,0.3199,0.0039,0.0396,56.5
10245.6,557568,546,0.725,0.1725,0.1954,-0.0031,0.0024,0.3526,0.00198,0.0149,56.5
10263.9,558592,547,0.729,0.1729,0.1954,-0.0053,0.0009,0.3136,0.00481,0.0388,56.6
10282.1,559616,548,0.729,0.1729,0.1954,-0.0071,0.0005,0.3177,-0.00165,0.0398,56.6
10300.4,560640,549,0.729,0.1729,0.1954,-0.0046,0.0004,0.2865,0.00364,0.0283,56.6
10318.7,561664,550,0.73,0.173,0.1954,-0.0066,0.0004,0.2897,0.00446,0.032,56.6
10337.0,562688,551,0.733,0.1733,0.1954,-0.0075,0.0004,0.276,0.00451,0.0376,56.5
10355.2,563712,552,0.732,0.1732,0.1954,-0.0084,0.0031,0.306,0.00405,0.0173,56.6
10373.5,564736,553,0.734,0.1734,0.1954,-0.0028,0.0022,0.2871,0.00271,0.0083,56.5
10391.8,565760,554,0.738,0.1738,0.1954,-0.0041,0.0008,0.2714,0.00332,0.0225,56.6
10410.1,566784,555,0.737,0.1737,0.1954,-0.0064,0.0032,0.2893,0.0014,0.0303,56.5
10428.4,567808,556,0.737,0.1737,0.1954,-0.0079,0.0012,0.299,0.00424,0.0325,56.5
10447.7,568832,557,0.741,0.1741,0.1954,-0.0043,0.0007,0.2775,0.00495,0.0215,53.4
10466.0,569856,558,0.741,0.1741,0.1954,-0.0041,0.0005,0.2829,0.00444,0.03,56.5
10484.2,570880,559,0.742,0.1742,0.1954,-0.0069,0.0004,0.2932,0.00093,0.019,56.6
10502.5,571904,560,0.734,0.1734,0.1954,-0.0032,0.012,0.3207,0.00454,0.0818,56.6
10521.7,572928,561,0.739,0.1739,0.1954,-0.0068,0.0005,0.3157,0.00578,0.0349,53.9
10539.9,573952,562,0.739,0.1739,0.1954,-0.0108,0.0005,0.3286,0.00682,0.0549,56.6
10558.2,574976,563,0.742,0.1742,0.1954,-0.006,0.0004,0.3186,-0.00011,0.03,56.5
10576.5,576000,564,0.742,0.1742,0.1954,-0.0069,0.0003,0.3343,0.00541,0.0254,56.5
10594.8,577024,565,0.739,0.1739,0.1954,-0.003,0.0049,0.4065,0.00027,0.0198,56.5
10613.0,578048,566,0.739,0.1739,0.1954,-0.0104,0.0027,0.349,0.0045,0.0181,56.5
10632.4,579072,567,0.733,0.1733,0.1954,-0.0012,0.0084,0.3599,0.00225,0.0137,53.5
10650.6,580096,568,0.731,0.1731,0.1954,-0.0061,0.005,0.4179,0.00021,0.0146,56.5
10668.9,581120,569,0.73,0.173,0.1954,-0.0045,0.0017,0.3628,0.00306,0.0444,56.6
10687.2,582144,570,0.73,0.173,0.1954,-0.0048,0.0017,0.3461,0.00794,0.0591,56.5
10705.5,583168,571,0.737,0.1737,0.1954,-0.0043,0.0011,0.3365,0.00291,0.0239,56.5
10723.8,584192,572,0.737,0.1737,0.1954,-0.0061,0.0006,0.337,0.00493,0.0276,56.5
10743.1,585216,573,0.733,0.1733,0.1954,-0.0029,0.0096,0.3603,-0.00035,0.0603,53.5
10761.3,586240,574,0.738,0.1738,0.1954,-0.0092,0.0012,0.3518,0.00572,0.0569,56.6
10779.6,587264,575,0.738,0.1738,0.1954,-0.0067,0.0007,0.3409,0.01193,0.0942,56.5
10797.9,588288,576,0.738,0.1738,0.1954,-0.0061,0.0007,0.3631,0.00586,0.0662,56.5
10816.2,589312,577,0.737,0.1737,0.1954,-0.0051,0.0019,0.3806,0.00327,0.0239,56.5
10834.4,590336,578,0.737,0.1737,0.1954,-0.0065,0.0006,0.3575,0.00385,0.0295,56.6
10852.7,591360,579,0.737,0.1737,0.1954,-0.007,0.0006,0.3502,0.00429,0.0266,56.5
10871.0,592384,580,0.737,0.1737,0.1954,-0.0053,0.0008,0.3596,0.00237,0.0371,56.6
10889.2,593408,581,0.744,0.1744,0.1954,-0.0046,0.0004,0.3659,0.00301,0.0134,56.6
10907.5,594432,582,0.744,0.1744,0.1954,-0.0059,0.0006,0.3834,0.0038,0.0208,56.6
10925.8,595456,583,0.744,0.1744,0.1954,-0.0107,0.0014,0.3772,0.00161,0.0195,56.5
10944.0,596480,584,0.744,0.1744,0.1954,-0.0081,0.001,0.3663,0.00229,0.0154,56.6
10962.3,597504,585,0.744,0.1744,0.1954,-0.0087,0.0004,0.3769,0.01036,0.0649,56.7
10980.5,598528,586,0.744,0.1744,0.1954,-0.006,0.0004,0.3675,0.00374,0.0234,56.6
10998.8,599552,587,0.744,0.1744,0.1954,-0.0062,0.0004,0.3326,0.00267,0.022,56.6
11018.1,600576,588,0.737,0.1737,0.1954,-0.0076,0.0129,0.4234,0.00401,0.125,53.4
11036.4,601600,589,0.737,0.1737,0.1954,-0.0086,0.0029,0.3432,0.00674,0.0437,56.6
11054.7,602624,590,0.736,0.1736,0.1954,-0.0026,0.0021,0.3342,0.0001,0.0107,56.5
11072.9,603648,591,0.736,0.1736,0.1954,-0.0064,0.0007,0.3501,0.00124,0.0222,56.6
11092.3,604672,592,0.748,0.1748,0.1954,-0.0049,0.0015,0.3523,0.00391,0.0583,53.4
11110.5,605696,593,0.748,0.1748,0.1954,-0.0046,0.0009,0.3586,0.00953,0.0317,56.6
11128.8,606720,594,0.746,0.1746,0.1954,-0.0123,0.0054,0.4271,0.01142,0.124,56.5
11147.1,607744,595,0.744,0.1744,0.1954,-0.0094,0.0027,0.4038,0.00776,0.1169,56.5
11165.4,608768,596,0.743,0.1743,0.1954,-0.0104,0.0023,0.3824,0.00495,0.0315,56.4
11183.7,609792,597,0.747,0.1747,0.1954,-0.0047,0.0017,0.3751,0.00398,0.022,56.5
11202.0,610816,598,0.747,0.1747,0.1956,-0.0067,0.0016,0.3389,0.00223,0.0266,56.5
11220.3,611840,599,0.75,0.175,0.1956,-0.0099,0.0008,0.3535,0.00747,0.0417,56.5
11238.5,612864,600,0.75,0.175,0.1963,-0.0059,0.0007,0.3655,0.00246,0.0203,56.6
11256.8,613888,601,0.752,0.1752,0.1963,-0.0069,0.0004,0.3462,0.00276,0.0264,56.5
11275.1,614912,602,0.752,0.1752,0.1963,-0.0085,0.0004,0.3599,0.00476,0.0339,56.6
11293.4,615936,603,0.755,0.1755,0.1973,-0.0118,0.0011,0.3485,0.00288,0.0359,56.6
11311.6,616960,604,0.755,0.1755,0.1973,-0.0061,0.0005,0.3434,0.00255,0.0278,56.6
11329.9,617984,605,0.758,0.1758,0.1973,-0.0049,0.0005,0.3563,-0.00093,0.0283,56.6
11349.2,619008,606,0.758,0.1758,0.1973,-0.0057,0.0005,0.353,0.00433,0.0261,53.4
11367.5,620032,607,0.758,0.1758,0.1973,-0.0065,0.0004,0.3577,0.00278,0.0571,56.5
11385.8,621056,608,0.761,0.1761,0.1973,-0.0083,0.0005,0.3581,0.01056,0.0605,56.5
11404.1,622080,609,0.761,0.1761,0.1977,-0.0026,0.0009,0.3371,0.00318,0.0447,56.6
11422.3,623104,610,0.764,0.1764,0.1977,-0.0056,0.0008,0.3569,0.00662,0.0378,56.5
11440.6,624128,611,0.762,0.1762,0.1977,-0.012,0.0025,0.3884,0.01342,0.0647,56.5
11458.9,625152,612,0.758,0.1758,0.1977,-0.0031,0.0106,0.4443,0.00242,0.0215,56.5
11477.2,626176,613,0.76,0.176,0.2253,-0.0072,0.0093,0.3551,0.00127,0.0222,56.6
11495.5,627200,614,0.76,0.176,0.2253,-0.0078,0.0017,0.3551,0.00639,0.0186,56.5
11514.8,628224,615,0.756,0.1756,0.2253,-0.0064,0.0095,0.3857,0.00133,0.0151,53.5
11533.0,629248,616,0.756,0.1756,0.2253,-0.0063,0.0007,0.3787,0.00205,0.0432,56.5
11552.4,630272,617,0.748,0.1748,0.2253,-0.0052,0.0166,0.4979,-0.00087,0.0317,53.4
11570.7,631296,618,0.748,0.1748,0.2253,-0.0069,0.002,0.4019,0.00216,0.0212,56.6
11590.0,632320,619,0.739,0.1739,0.2253,-0.0044,0.0118,0.4011,0.00088,0.0161,53.4
11608.3,633344,620,0.735,0.1735,0.2253,-0.0089,0.0079,0.4438,0.00347,0.0217,56.5
11626.6,634368,621,0.735,0.1735,0.2253,-0.0092,0.0008,0.3734,0.00608,0.0649,56.6
11644.8,635392,622,0.738,0.1738,0.2439,-0.0048,0.0095,0.38,0.00265,0.0396,56.5
11663.1,636416,623,0.738,0.1738,0.2439,-0.0047,0.0016,0.4015,-0.0007,0.011,56.6
11682.4,637440,624,0.733,0.1733,0.2439,-0.0054,0.0084,0.5046,-0.00017,0.022,53.5
11700.7,638464,625,0.729,0.1729,0.2439,-0.0034,0.0077,0.3752,0.0007,0.0205,56.5
11718.9,639488,626,0.729,0.1729,0.2439,-0.0079,0.0016,0.3823,-0.0003,0.0283,56.5
11737.2,640512,627,0.731,0.1731,0.2444,-0.0044,0.0085,0.3924,0.00743,0.0479,56.5
11755.5,641536,628,0.732,0.1732,0.2444,-0.0073,0.0049,0.3557,0.00291,0.0166,56.5
11773.8,642560,629,0.731,0.1731,0.2444,-0.0034,0.0041,0.3825,-0.00076,0.0183,56.5
11792.0,643584,630,0.732,0.1732,0.2444,-0.0061,0.0068,0.3853,0.00205,0.0127,56.5
11810.3,644608,631,0.733,0.1733,0.2444,-0.0029,0.008,0.3669,-0.00073,0.0166,56.5
11828.6,645632,632,0.733,0.1733,0.2444,-0.0026,0.0035,0.356,0.00011,0.0071,56.5
11846.9,646656,633,0.732,0.1732,0.2444,-0.0069,0.0049,0.3805,0.0007,0.0149,56.5
11865.1,647680,634,0.734,0.1734,0.2444,-0.0035,0.0072,0.37,0.00182,0.0151,56.6
11883.4,648704,635,0.731,0.1731,0.2444,-0.0065,0.0032,0.3893,0.0023,0.0168,56.6
11901.7,649728,636,0.733,0.1733,0.2444,-0.0111,0.0044,0.4089,0.01132,0.0481,56.6
11919.9,650752,637,0.732,0.1732,0.2444,-0.0036,0.0017,0.377,0.00731,0.0334,56.8
11938.1,651776,638,0.734,0.1734,0.2444,-0.0027,0.0067,0.4265,0.00215,0.0134,56.5
11956.4,652800,639,0.734,0.1734,0.2444,-0.0098,0.0029,0.3835,0.0014,0.0159,56.6
11974.6,653824,640,0.736,0.1736,0.2444,-0.003,0.0056,0.3899,0.00068,0.0105,56.6
11992.9,654848,641,0.741,0.1741,0.2444,-0.0063,0.006,0.4183,0.00105,0.0234,56.6
12011.2,655872,642,0.743,0.1743,0.2446,-0.0045,0.0052,0.3454,0.003,0.022,56.6
12029.4,656896,643,0.743,0.1743,0.2446,-0.0037,0.0062,0.4273,7e-05,0.0208,56.5
12047.7,657920,644,0.746,0.1746,0.2446,-0.0059,0.0059,0.3462,0.00341,0.0259,56.5
12066.0,658944,645,0.748,0.1748,0.2446,-0.0018,0.0049,0.3339,0.00117,0.0295,56.6
12085.2,659968,646,0.735,0.1735,0.2446,-0.0058,0.0121,0.492,0.00269,0.0063,53.5
12103.5,660992,647,0.738,0.1738,0.2446,-0.0055,0.005,0.3319,0.00215,0.0239,56.5
12121.8,662016,648,0.739,0.1739,0.2446,-0.0114,0.0049,0.3635,0.00787,0.0454,56.6
12140.1,663040,649,0.739,0.1739,0.2446,-0.0079,0.0065,0.3925,0.00165,0.0103,56.6
12157.3,664064,650,0.739,0.1739,0.2446,-0.0059,0.0016,0.3504,-0.00068,0.0161,60.0
12175.5,665088,651,0.741,0.1741,0.2446,-0.0069,0.0031,0.3573,0.00355,0.0166,56.6
12193.8,666112,652,0.743,0.1743,0.2446,-0.0072,0.0039,0.4023,0.00476,0.0186,56.5
12213.1,667136,653,0.738,0.1738,0.2446,-0.0039,0.0124,0.378,0.0009,0.0176,53.5
12231.4,668160,654,0.74,0.174,0.2446,-0.0077,0.0036,0.3283,0.00924,0.061,56.5
12248.7,669184,655,0.74,0.174,0.2446,-0.008,0.0017,0.3479,0.00286,0.0273,60.0
12266.8,670208,656,0.742,0.1742,0.2446,-0.009,0.0015,0.3852,0.0018,0.0232,56.8
12285.1,671232,657,0.745,0.1745,0.2446,-0.002,0.005,0.4287,0.00368,0.04,56.6
12303.4,672256,658,0.747,0.1747,0.2446,-0.0066,0.004,0.3817,0.00547,0.0364,56.5
12321.7,673280,659,0.749,0.1749,0.2446,-0.0052,0.0045,0.3387,-0.0013,0.0166,56.5
12340.0,674304,660,0.755,0.1755,0.2449,-0.0048,0.004,0.3272,-0.00247,0.0181,56.5
12358.3,675328,661,0.751,0.1751,0.2449,-0.0083,0.0081,0.3896,0.00038,0.0178,56.4
12376.5,676352,662,0.753,0.1753,0.2449,-0.0073,0.0034,0.3194,0.00607,0.0354,56.6
12394.8,677376,663,0.757,0.1757,0.2671,-0.0096,0.0126,0.2725,-0.00082,0.0312,56.6
12413.1,678400,664,0.76,0.176,0.2671,-0.0044,0.0051,0.3006,0.00194,0.0093,56.5
12431.4,679424,665,0.756,0.1756,0.2671,-0.008,0.0092,0.3909,0.00851,0.0698,56.5
12449.7,680448,666,0.764,0.1764,0.2671,-0.0046,0.0034,0.2916,0.0009,0.0122,56.5
12467.9,681472,667,0.766,0.1766,0.2671,-0.0055,0.0027,0.2857,0.00202,0.0186,56.5
12486.2,682496,668,0.767,0.1767,0.2671,-0.0059,0.0021,0.2956,-0.00341,0.0208,56.6
12504.5,683520,669,0.767,0.1767,0.2671,-0.0098,0.0045,0.3665,0.00738,0.0342,56.6
12522.7,684544,670,0.771,0.1771,0.2671,-0.0104,0.0119,0.2884,0.00459,0.0422,56.6
12541.0,685568,671,0.771,0.1771,0.2671,-0.0026,0.0054,0.2832,-0.00045,0.0059,56.5
12559.3,686592,672,0.771,0.1771,0.2671,-0.0019,0.0027,0.2859,0.00172,0.01,56.5
12578.7,687616,673,0.755,0.1755,0.2671,-0.006,0.0207,0.3366,0.00664,0.0618,53.4
12597.0,688640,674,0.757,0.1757,0.2671,-0.0069,0.0054,0.3207,0.0163,0.0701,56.5
12615.2,689664,675,0.758,0.1758,0.2671,-0.0067,0.002,0.3298,0.00321,0.0215,56.6
12633.5,690688,676,0.754,0.1754,0.2671,-0.0072,0.0091,0.3215,0.0007,0.0225,56.5
12651.8,691712,677,0.756,0.1756,0.2671,-0.0095,0.0016,0.3265,-0.00058,0.0315,56.6
12670.0,692736,678,0.758,0.1758,0.2671,-0.005,0.0052,0.3752,0.00472,0.0369,56.6
12688.3,693760,679,0.755,0.1755,0.2671,-0.0049,0.003,0.3398,0.00228,0.0251,56.5
12706.6,694784,680,0.757,0.1757,0.2671,-0.0068,0.0035,0.3875,0.00224,0.0159,56.5
12724.9,695808,681,0.759,0.1759,0.2671,-0.0051,0.0027,0.3583,0.00261,0.0208,56.6
12743.2,696832,682,0.764,0.1764,0.2671,-0.0091,0.0015,0.3368,0.00611,0.0273,56.5
12761.4,697856,683,0.768,0.1768,0.2671,-0.0073,0.0097,0.34,-0.00094,0.0193,56.6
12779.7,698880,684,0.761,0.1761,0.2671,-0.0014,0.0045,0.3233,0.00055,0.0012,56.5
12798.0,699904,685,0.772,0.1772,0.2671,-0.0081,0.0058,0.4134,-0.00182,0.0295,56.5
12816.3,700928,686,0.769,0.1769,0.2671,-0.0044,0.0059,0.3615,0.00056,0.0266,56.6
12834.5,701952,687,0.773,0.1773,0.2671,-0.0096,0.0047,0.4172,0.00205,0.0283,56.5
12852.8,702976,688,0.776,0.1776,0.2671,-0.0049,0.0042,0.3253,0.00158,0.022,56.5
12870.0,704000,689,0.776,0.1776,0.2671,-0.0085,0.0021,0.3034,-0.00049,0.0273,60.0
12888.3,705024,690,0.789,0.1789,0.2671,-0.0059,0.0024,0.3434,0.00241,0.0269,56.6
12906.6,706048,691,0.792,0.1792,0.2671,-0.0109,0.0026,0.403,0.00302,0.0437,56.5
12924.8,707072,692,0.796,0.1796,0.2671,-0.0097,0.0034,0.3002,0.00697,0.0259,56.5
12942.1,708096,693,0.796,0.1796,0.2671,-0.0019,0.0029,0.3025,0.00271,0.052,60.0
12960.4,709120,694,0.799,0.1799,0.2677,-0.004,0.0026,0.3314,0.00434,0.0376,56.5
12979.7,710144,695,0.805,0.1805,0.2677,-0.0047,0.0115,0.377,-0.00011,0.0325,53.5
12997.9,711168,696,0.808,0.1808,0.2677,-0.0064,0.0029,0.2981,0.00048,0.0286,56.5
13015.2,712192,697,0.808,0.1808,0.2677,-0.0064,0.0013,0.2802,0.00106,0.0291,60.0
13033.4,713216,698,0.81,0.181,0.2677,-0.0046,0.006,0.3281,0.00173,0.0146,56.5
13051.7,714240,699,0.822,0.1822,0.2677,-0.0085,0.0039,0.361,0.00329,0.0286,56.5
13070.0,715264,700,0.823,0.1823,0.2677,-0.0074,0.0055,0.3264,0.00311,0.0195,56.5
13088.3,716288,701,0.832,0.1832,0.2677,-0.0093,0.002,0.4142,0.00122,0.0198,56.5
13106.6,717312,702,0.833,0.1833,0.2677,-0.0045,0.0055,0.3457,0.00343,0.0186,56.5
13124.8,718336,703,0.837,0.1837,0.2677,-0.0074,0.0033,0.2976,0.00191,0.0286,56.5
13143.1,719360,704,0.838,0.1838,0.2677,-0.0045,0.0042,0.3314,0.00553,0.0281,56.6
13161.4,720384,705,0.83,0.183,0.2677,-0.0028,0.0041,0.3421,-0.0006,0.0098,56.5
13179.7,721408,706,0.83,0.183,0.2677,-0.0053,0.007,0.3597,0.00027,0.0081,56.5
13197.9,722432,707,0.832,0.1832,0.2677,-0.0076,0.0031,0.3582,0.00445,0.0249,56.6
13216.2,723456,708,0.843,0.1843,0.2677,-0.0085,0.0044,0.3739,0.00306,0.0276,56.6
13234.5,724480,709,0.847,0.1847,0.2677,-0.0079,0.0032,0.3191,0.00351,0.0427,56.6
13251.7,725504,710,0.847,0.1847,0.2677,-0.0098,0.0015,0.3187,0.00626,0.0388,60.1
13270.0,726528,711,0.854,0.1854,0.2677,-0.0084,0.0013,0.3889,0.00576,0.0618,56.6
13289.2,727552,712,0.861,0.1861,0.2677,-0.0035,0.0075,0.4232,-7e-05,0.0061,53.6
13307.5,728576,713,0.861,0.1861,0.2677,-0.0034,0.0058,0.3822,0.0006,0.012,56.5
13325.8,729600,714,0.867,0.1867,0.2677,-0.0087,0.0058,0.3181,0.00288,0.0383,56.6
13343.0,730624,715,0.867,0.1867,0.2677,-0.0057,0.002,0.31,0.0011,0.0281,60.0
13362.3,731648,716,0.863,0.1863,0.2677,-0.007,0.0121,0.3897,0.00083,0.0271,53.4
13380.6,732672,717,0.867,0.1867,0.2677,-0.0058,0.0024,0.281,0.001,0.0273,56.6
13398.9,733696,718,0.876,0.1876,0.2677,-0.0089,0.0018,0.2766,0.0012,0.0295,56.5
13417.1,734720,719,0.878,0.1878,0.2677,-0.0048,0.0053,0.3438,0.00314,0.0161,56.5
13434.4,735744,720,0.878,0.1878,0.2677,-0.0061,0.0009,0.3299,0.00377,0.021,60.0
13452.6,736768,721,0.879,0.1879,0.2677,-0.0071,0.0049,0.383,0.00411,0.0547,56.6
13470.9,737792,722,0.882,0.1882,0.2677,-0.0054,0.005,0.3688,0.00175,0.012,56.6
13489.1,738816,723,0.882,0.1882,0.2677,-0.0089,0.0054,0.3497,0.00213,0.0454,56.6
13507.4,739840,724,0.88,0.188,0.2677,-0.0031,0.0053,0.3542,-0.00028,0.0054,56.6
13525.7,740864,725,0.892,0.1892,0.2677,-0.0067,0.0024,0.3845,0.00146,0.0195,56.5
13543.9,741888,726,0.894,0.1894,0.2677,-0.0083,0.0041,0.3498,0.00353,0.0112,56.6
13562.2,742912,727,0.906,0.1906,0.2677,-0.0081,0.0029,0.2724,0.00349,0.0315,56.5
13579.5,743936,728,0.906,0.1906,0.2677,-0.0055,0.0017,0.275,0.00126,0.0205,60.0
13597.7,744960,729,0.91,0.191,0.2679,-0.0072,0.0018,0.3779,0.01332,0.0664,56.5
13617.1,745984,730,0.909,0.1909,0.2679,-0.0078,0.0114,0.3843,0.00344,0.0239,53.4
13635.3,747008,731,0.911,0.1911,0.2679,-0.0028,0.0097,0.4459,8e-05,0.0134,56.5
13653.6,748032,732,0.915,0.1915,0.2679,-0.0078,0.0025,0.3114,0.00302,0.02,56.5
13671.9,749056,733,0.918,0.1918,0.2679,-0.0069,0.0017,0.2697,0.00502,0.0447,56.6
13689.1,750080,734,0.918,0.1918,0.2679,-0.0061,0.0008,0.2921,0.00075,0.0112,60.0
13707.4,751104,735,0.922,0.1922,0.2679,-0.0077,0.0012,0.3737,0.00431,0.0535,56.5
13725.7,752128,736,0.926,0.1926,0.2679,-0.0083,0.0013,0.3053,0.00609,0.0286,56.6
13743.9,753152,737,0.921,0.1921,0.2679,-0.0038,0.0083,0.3343,0.00019,0.021,56.6
13762.2,754176,738,0.926,0.1926,0.2679,-0.0065,0.0013,0.3684,0.00783,0.0442,56.6
13780.5,755200,739,0.929,0.1929,0.2679,-0.0064,0.0019,0.2584,0.00171,0.0349,56.5
13797.7,756224,740,0.929,0.1929,0.2679,-0.0066,0.0014,0.2504,0.00403,0.0244,60.1
13815.9,757248,741,0.933,0.1933,0.2679,-0.0052,0.0004,0.3421,0.00243,0.0308,56.9
13834.2,758272,742,0.934,0.1934,0.2679,-0.004,0.0073,0.3414,0.00288,0.0054,56.5
13852.4,759296,743,0.937,0.1937,0.2679,-0.0085,0.0025,0.3536,0.0027,0.0117,56.5
13870.8,760320,744,0.941,0.1941,0.2679,-0.0044,0.0024,0.2774,0.00303,0.0164,56.5
13888.0,761344,745,0.941,0.1941,0.2679,-0.0057,0.0012,0.2374,0.00358,0.0337,60.0
13906.3,762368,746,0.946,0.1946,0.2679,-0.0068,0.0006,0.3196,0.00124,0.0435,56.5
13924.6,763392,747,0.948,0.1948,0.2679,-0.0042,0.0052,0.3279,0.00075,0.021,56.5
13942.8,764416,748,0.947,0.1947,0.2679,-0.0065,0.0069,0.3519,0.00126,0.0127,56.6
13961.0,765440,749,0.948,0.1948,0.2679,-0.0026,0.002,0.3382,0.00305,0.0332,56.8
13979.3,766464,750,0.952,0.1952,0.2679,-0.0096,0.0023,0.3917,0.01123,0.0635,56.6
13997.6,767488,751,0.951,0.1951,0.2679,-0.005,0.0053,0.387,0.00221,0.0171,56.6
14015.9,768512,752,0.954,0.1954,0.2679,-0.0072,0.0035,0.3363,0.00149,0.0215,56.5
14034.1,769536,753,0.954,0.1954,0.2679,-0.0069,0.0049,0.3865,0.00393,0.0249,56.6
14052.4,770560,754,0.956,0.1956,0.2679,-0.0062,0.0088,0.3183,0.00066,0.019,56.6
14070.6,771584,755,0.969,0.1969,0.2679,-0.0061,0.0027,0.2894,0.00752,0.0266,56.6
14088.9,772608,756,0.969,0.1969,0.2679,-0.0062,0.0064,0.3768,0.00011,0.0168,56.5
14106.1,773632,757,0.969,0.1969,0.2679,-0.0018,0.0034,0.3625,0.00305,0.0127,60.0
14124.4,774656,758,0.973,0.1973,0.2679,-0.0059,0.0012,0.3988,0.00496,0.0273,56.5
14142.7,775680,759,0.976,0.1976,0.2679,-0.008,0.0014,0.3114,0.00724,0.0374,56.6
14161.0,776704,760,0.98,0.198,0.2679,-0.0045,0.0013,0.2699,0.00526,0.02,56.5
14179.2,777728,761,0.98,0.198,0.2679,-0.0108,0.0038,0.3916,0.00739,0.0305,56.6
14196.5,778752,762,0.98,0.198,0.2679,-0.0063,0.0012,0.33,-0.00033,0.0352,60.0
14214.7,779776,763,0.986,0.1986,0.2679,-0.0075,0.0012,0.3792,0.00062,0.0186,56.5
14233.0,780800,764,0.987,0.1987,0.2679,-0.0045,0.0035,0.3621,0.00279,0.0093,56.5
14251.3,781824,765,0.993,0.1993,0.2679,-0.0057,0.0057,0.3335,0.00068,0.0127,56.6
14269.6,782848,766,0.998,0.1998,0.2679,-0.0046,0.0023,0.2707,0.00167,0.0278,56.5
14287.8,783872,767,1.0,0.2,0.2679,-0.0028,0.0062,0.363,-0.0014,0.0076,56.5
14305.1,784896,768,1.0,0.2,0.2679,-0.0032,0.0018,0.2679,0.00297,0.0081,60.0
14323.3,785920,769,1.004,0.2004,0.2679,-0.0054,0.0007,0.378,0.00607,0.0347,56.5
14341.6,786944,770,1.008,0.2008,0.2679,-0.0058,0.0012,0.3686,0.00579,0.0303,56.6
14359.9,787968,771,1.012,0.2012,0.2679,-0.0054,0.0011,0.2655,0.00394,0.0208,56.6
14378.1,788992,772,1.008,0.2008,0.2679,-0.0054,0.0103,0.4529,0.0038,0.0696,56.6
14396.4,790016,773,1.014,0.2014,0.2679,-0.0069,0.0049,0.3187,0.00613,0.0256,56.6
14414.7,791040,774,1.016,0.2016,0.2679,-0.0084,0.0071,0.2988,0.01003,0.0322,56.5
14433.0,792064,775,1.017,0.2017,0.2679,-0.0033,0.0042,0.3128,0.00295,0.0093,56.5
14450.2,793088,776,1.017,0.2017,0.2679,-0.0077,0.0031,0.2637,0.00055,0.0181,60.0
14468.5,794112,777,1.021,0.2021,0.2679,-0.0065,0.001,0.3609,0.00248,0.031,56.6
14486.7,795136,778,1.025,0.2025,0.2679,-0.005,0.0014,0.3419,0.00343,0.0151,56.6
14505.0,796160,779,1.029,0.2029,0.2679,-0.0042,0.0012,0.2487,0.00183,0.0168,56.6
14522.3,797184,780,1.029,0.2029,0.2679,-0.0026,0.0008,0.2466,0.00409,0.0161,59.9
14540.5,798208,781,1.032,0.2032,0.2679,-0.0068,0.0039,0.3566,0.00182,0.0205,56.5
14558.8,799232,782,1.036,0.2036,0.2679,-0.0064,0.0009,0.3444,0.00588,0.0259,56.6
14577.1,800256,783,1.039,0.2039,0.2679,-0.007,0.0009,0.2611,0.00284,0.0249,56.6
14595.4,801280,784,1.042,0.2042,0.2679,-0.006,0.0044,0.3006,0.00235,0.0198,56.5
14612.6,802304,785,1.042,0.2042,0.2679,-0.0088,0.0006,0.3223,0.00271,0.0183,60.1
14630.9,803328,786,1.043,0.2043,0.2679,-0.0016,0.0026,0.3537,7e-05,0.0051,56.5
14649.2,804352,787,1.044,0.2044,0.2679,-0.0022,0.0052,0.3486,0.00107,0.0078,56.5
14667.4,805376,788,1.046,0.2046,0.2679,-0.0062,0.0038,0.367,0.00331,0.0225,56.6
14685.7,806400,789,1.05,0.205,0.2679,-0.0088,0.0014,0.3118,0.00512,0.0334,56.5
14704.0,807424,790,1.053,0.2053,0.2679,-0.0046,0.0013,0.2818,0.00503,0.0315,56.5
14721.2,808448,791,1.053,0.2053,0.2679,-0.007,0.0005,0.3065,0.00405,0.0562,60.0
14739.5,809472,792,1.057,0.2057,0.2679,-0.0058,0.0009,0.3924,0.00074,0.0195,56.5
14757.8,810496,793,1.065,0.2065,0.2679,-0.0048,0.0009,0.3168,0.00527,0.0256,56.5
14776.1,811520,794,1.076,0.2076,0.2679,-0.0063,0.001,0.2605,0.00229,0.0383,56.7
14793.3,812544,795,1.076,0.2076,0.2679,-0.0053,0.0004,0.2722,0.00419,0.031,60.0
14812.6,813568,796,1.075,0.2075,0.2679,-0.0093,0.0119,0.4462,0.00472,0.0164,53.5
14830.9,814592,797,1.071,0.2071,0.2679,-0.0062,0.0101,0.4286,0.00117,0.0312,56.5
14849.2,815616,798,1.075,0.2075,0.2679,-0.008,0.0027,0.2946,-0.00099,0.0251,56.6
14867.4,816640,799,1.079,0.2079,0.2679,-0.0044,0.0014,0.2494,0.00414,0.0188,56.5
14884.7,817664,800,1.079,0.2079,0.2679,-0.0072,0.0007,0.3099,0.00409,0.0442,60.1
14902.9,818688,801,1.083,0.2083,0.2679,-0.0075,0.0007,0.3639,0.00701,0.0408,56.5
14921.2,819712,802,1.09,0.209,0.2789,-0.0055,0.0128,0.2724,-0.00064,0.0251,56.5
14939.5,820736,803,1.095,0.2095,0.2789,-0.0082,0.002,0.2586,0.00275,0.0217,56.5
14956.8,821760,804,1.095,0.2095,0.2789,-0.0075,0.0006,0.337,-0.00184,0.0242,60.0
14975.0,822784,805,1.097,0.2097,0.2789,-0.0072,0.0016,0.3541,0.0031,0.0146,56.6
14993.3,823808,806,1.097,0.2097,0.2789,-0.0057,0.0035,0.3284,0.00332,0.0151,56.5
15011.6,824832,807,1.102,0.2102,0.2789,-0.0102,0.0095,0.3579,0.00667,0.0303,56.5
15029.9,825856,808,1.106,0.2106,0.2789,-0.0042,0.0093,0.2748,0.0,0.0144,56.5
15047.1,826880,809,1.106,0.2106,0.2789,-0.0071,0.001,0.2691,0.00154,0.0229,60.0
15066.4,827904,810,1.106,0.2106,0.2789,-0.0078,0.0121,0.455,0.00206,0.0259,53.5
15083.6,828928,811,1.106,0.2106,0.2789,-0.0055,0.0019,0.2969,0.00101,0.0222,60.0
15104.0,829952,812,1.095,0.2095,0.2789,-0.0095,0.0184,0.4952,0.00568,0.0249,50.7
15122.3,830976,813,1.091,0.2091,0.2789,-0.0044,0.0108,0.4475,0.00061,0.0388,56.5
15140.6,832000,814,1.093,0.2093,0.2789,-0.0097,0.0092,0.4019,0.00806,0.0562,56.5
15158.8,833024,815,1.097,0.2097,0.2789,-0.0073,0.0082,0.2891,0.00269,0.0181,56.6
15176.0,834048,816,1.097,0.2097,0.2789,-0.0105,0.0011,0.2941,0.00475,0.04,60.0
15194.3,835072,817,1.102,0.2102,0.2789,-0.0051,0.006,0.4021,0.0012,0.0137,56.5
15212.6,836096,818,1.105,0.2105,0.2789,-0.007,0.0026,0.3674,0.00329,0.0203,56.6
15230.8,837120,819,1.109,0.2109,0.2789,-0.0078,0.0019,0.3027,2e-05,0.0276,56.5
15249.2,838144,820,1.104,0.2104,0.2789,-0.005,0.0094,0.4625,-0.00078,0.022,56.5
15267.4,839168,821,1.109,0.2109,0.2789,-0.0079,0.0017,0.3134,0.00292,0.0254,56.5
15285.7,840192,822,1.117,0.2117,0.2789,-0.0087,0.0024,0.2966,0.00394,0.0464,56.5
15303.0,841216,823,1.117,0.2117,0.2789,-0.0055,0.0007,0.3607,-2e-05,0.0151,60.0
15321.2,842240,824,1.119,0.2119,0.2789,-0.0093,0.0008,0.4101,0.00625,0.0212,56.6
15339.5,843264,825,1.123,0.2123,0.2789,-0.0074,0.0071,0.2761,0.00451,0.0278,56.5
15357.8,844288,826,1.119,0.2119,0.2789,-0.008,0.009,0.4566,0.00263,0.0352,56.5
15376.0,845312,827,1.127,0.2127,0.2789,-0.0092,0.0062,0.2785,0.0028,0.0215,56.5
15394.3,846336,828,1.13,0.213,0.2789,-0.014,0.0052,0.2945,0.01782,0.0569,56.6
15412.6,847360,829,1.137,0.2137,0.2789,-0.0058,0.0051,0.3463,0.00162,0.0083,56.5
15429.8,848384,830,1.137,0.2137,0.2789,-0.0066,0.0013,0.2693,0.00534,0.0354,60.1
15449.1,849408,831,1.14,0.214,0.2789,-0.0043,0.014,0.42,0.00121,0.0181,53.5
15466.3,850432,832,1.14,0.214,0.2789,-0.0059,0.0021,0.265,0.00199,0.0215,60.0
15484.5,851456,833,1.144,0.2144,0.2789,-0.0064,0.0008,0.3485,0.0022,0.0352,57.0
15502.8,852480,834,1.153,0.2153,0.2789,-0.0111,0.0036,0.3674,0.00468,0.0154,56.5
15521.0,853504,835,1.161,0.2161,0.2789,-0.0094,0.0017,0.4068,0.00272,0.0276,56.6
15539.3,854528,836,1.164,0.2164,0.2789,-0.0067,0.004,0.3173,0.00564,0.0269,56.6
15558.6,855552,837,1.155,0.2155,0.2789,-0.0103,0.011,0.4902,0.00649,0.061,53.4
15575.9,856576,838,1.155,0.2155,0.2789,-0.0047,0.0027,0.3083,0.00101,0.0164,60.0
15594.1,857600,839,1.163,0.2163,0.2789,-0.007,0.005,0.3943,-0.00022,0.0254,56.6
15612.4,858624,840,1.171,0.2171,0.2789,-0.0036,0.0036,0.3009,0.00204,0.0264,56.5
15631.7,859648,841,1.169,0.2169,0.2789,-0.004,0.0144,0.4911,0.00201,0.0261,53.5
15650.0,860672,842,1.163,0.2163,0.2789,-0.0048,0.0061,0.476,-0.00072,0.0364,56.6
15668.3,861696,843,1.166,0.2166,0.2789,-0.0092,0.0036,0.2876,0.00066,0.0256,56.5
15685.5,862720,844,1.166,0.2166,0.2789,-0.0083,0.0028,0.3032,0.00015,0.0176,59.9
15703.7,863744,845,1.17,0.217,0.2789,-0.007,0.0015,0.4035,-0.00088,0.0188,56.6
15722.0,864768,846,1.174,0.2174,0.2789,-0.0088,0.0044,0.3479,0.00526,0.0332,56.5
15740.3,865792,847,1.17,0.217,0.2789,-0.0092,0.0065,0.4546,0.0025,0.033,56.5
15759.6,866816,848,1.169,0.2169,0.2789,-0.0111,0.0078,0.3911,0.00309,0.0254,53.5
15777.9,867840,849,1.167,0.2167,0.2789,-0.0091,0.0031,0.4096,0.00434,0.0254,56.5
15796.2,868864,850,1.166,0.2166,0.2789,-0.0029,0.0099,0.5099,0.00139,0.0071,56.6
15814.4,869888,851,1.168,0.2168,0.2789,-0.0071,0.0044,0.299,0.00213,0.0305,56.6
15832.7,870912,852,1.168,0.2168,0.2789,-0.0068,0.0054,0.4239,0.00544,0.0154,56.5
15851.0,871936,853,1.161,0.2161,0.2789,-0.0075,0.0093,0.4975,0.00453,0.0461,56.5
15869.3,872960,854,1.164,0.2164,0.2789,-0.0127,0.0056,0.3691,0.0081,0.0256,56.5
15888.6,873984,855,1.153,0.2153,0.2789,-0.0089,0.0154,0.5349,0.00238,0.03,53.4
15905.8,875008,856,1.153,0.2153,0.2789,-0.0082,0.0041,0.3386,0.00081,0.0337,60.1
15925.1,876032,857,1.151,0.2151,0.2789,-0.0058,0.0082,0.5548,0.00208,0.0151,53.5
15943.4,877056,858,1.148,0.2148,0.2789,-0.0086,0.0063,0.4521,0.00346,0.0083,56.6
15962.7,878080,859,1.146,0.2146,0.2789,-0.006,0.0172,0.5661,0.00165,0.0059,53.5
15982.0,879104,860,1.14,0.214,0.2789,-0.0047,0.013,0.5814,0.00199,0.0066,53.4
16001.4,880128,861,1.132,0.2132,0.2789,-0.007,0.0073,0.4767,-0.00086,0.0103,53.4
16019.6,881152,862,1.125,0.2125,0.2789,-0.009,0.0078,0.5508,0.00897,0.1536,56.6
16039.0,882176,863,1.114,0.2114,0.2789,-0.0109,0.0124,0.4636,0.00131,0.0229,53.4
16057.3,883200,864,1.116,0.2116,0.2789,-0.0113,0.0082,0.5381,0.00512,0.0637,56.4
16075.6,884224,865,1.114,0.2114,0.2789,-0.0048,0.0027,0.4401,0.00255,0.011,56.5
16094.9,885248,866,1.106,0.2106,0.2789,-0.0066,0.0074,0.4897,-0.00109,0.0232,53.6
16113.1,886272,867,1.099,0.2099,0.2789,-0.0068,0.0071,0.5023,-0.0011,0.0815,56.5
16133.5,887296,868,1.086,0.2086,0.2789,-0.0043,0.0183,0.4667,0.00139,0.0117,50.6
16152.9,888320,869,1.068,0.2068,0.2789,-0.0054,0.0133,0.5005,0.00184,0.0974,53.4
16172.2,889344,870,1.065,0.2065,0.2789,-0.0035,0.0121,0.4141,0.00176,0.041,53.4
16191.6,890368,871,1.049,0.2049,0.2789,-0.0048,0.0145,0.5068,0.00491,0.083,53.4
16210.9,891392,872,1.043,0.2043,0.2789,-0.0104,0.0107,0.4962,0.0036,0.0762,53.5
16229.1,892416,873,1.039,0.2039,0.2789,-0.0118,0.0025,0.3925,0.00516,0.0679,56.6
16247.4,893440,874,1.039,0.2039,0.2789,-0.0099,0.0019,0.4062,0.00307,0.0271,56.5
16266.7,894464,875,1.031,0.2031,0.2789,-0.0045,0.0182,0.4368,-0.00095,0.0164,53.5
16286.1,895488,876,1.034,0.2034,0.2789,-0.0088,0.007,0.4826,0.00416,0.0168,53.5
16304.3,896512,877,1.033,0.2033,0.2789,-0.0068,0.0019,0.3805,0.00626,0.0239,56.5
16322.6,897536,878,1.036,0.2036,0.2789,-0.0067,0.0016,0.3981,0.00199,0.0203,56.6
16340.9,898560,879,1.035,0.2035,0.2789,-0.008,0.001,0.3862,0.0053,0.041,56.5
16359.1,899584,880,1.032,0.2032,0.2789,-0.0063,0.0009,0.3935,-4e-05,0.0161,56.6
16377.4,900608,881,1.035,0.2035,0.2789,-0.0091,0.0009,0.3835,0.00445,0.0442,56.6
16395.7,901632,882,1.033,0.2033,0.2789,-0.0073,0.0013,0.372,0.002,0.0535,56.5
16413.9,902656,883,1.032,0.2032,0.2789,-0.0051,0.0009,0.3733,-3e-05,0.0112,56.6
16432.2,903680,884,1.03,0.203,0.2789,-0.0099,0.0012,0.3664,0.00485,0.0298,56.6
16450.5,904704,885,1.027,0.2027,0.2789,-0.0098,0.0009,0.3794,0.01307,0.0742,56.5
16468.7,905728,886,1.03,0.203,0.2789,-0.0094,0.0063,0.3939,0.00323,0.0454,56.6
16487.9,906752,887,1.029,0.2029,0.2789,-0.0074,0.001,0.3888,0.00283,0.0244,53.8
16506.2,907776,888,1.021,0.2021,0.2789,-0.0042,0.0069,0.4905,0.00526,0.0264,56.5
16524.5,908800,889,1.017,0.2017,0.2789,-0.0069,0.0016,0.3774,0.00182,0.0186,56.5
16542.8,909824,890,1.014,0.2014,0.2789,-0.009,0.0016,0.3854,0.00158,0.02,56.5
16561.1,910848,891,1.007,0.2007,0.2789,-0.0038,0.0063,0.3515,0.00177,0.0137,56.5
16580.4,911872,892,0.999,0.1999,0.2789,-0.0106,0.0014,0.3729,0.00345,0.052,53.4
16598.7,912896,893,0.996,0.1996,0.2789,-0.0075,0.001,0.3954,0.00172,0.0623,56.5
16616.9,913920,894,1.003,0.2003,0.2789,-0.0081,0.0011,0.3922,0.00291,0.0415,56.5
16635.2,914944,895,0.999,0.1999,0.2789,-0.0131,0.0026,0.4024,0.00638,0.0391,56.6
16653.5,915968,896,0.998,0.1998,0.2789,-0.0078,0.001,0.3892,0.00253,0.0322,56.6
16671.8,916992,897,0.99,0.199,0.2789,-0.0019,0.0074,0.4701,-0.0007,0.0188,56.5
16691.1,918016,898,0.986,0.1986,0.2789,-0.0065,0.0027,0.3964,0.00287,0.0176,53.3
16709.4,919040,899,0.984,0.1984,0.2789,-0.0059,0.001,0.4088,0.00162,0.0149,56.6
16727.7,920064,900,0.978,0.1978,0.2789,-0.0066,0.0068,0.4659,0.00376,0.0107,56.6
16745.9,921088,901,0.975,0.1975,0.2789,-0.0047,0.0041,0.4511,0.00219,0.0334,56.5
16764.2,922112,902,0.984,0.1984,0.2789,-0.0067,0.0013,0.3992,0.00395,0.0186,56.5
16782.5,923136,903,0.983,0.1983,0.2789,-0.0087,0.0008,0.3833,2e-05,0.0542,56.5
16800.8,924160,904,0.982,0.1982,0.2789,-0.006,0.0018,0.4132,-0.00104,0.0227,56.5
16820.1,925184,905,0.966,0.1966,0.2789,-0.0061,0.0109,0.4294,0.00191,0.0339,53.4
16838.4,926208,906,0.962,0.1962,0.2789,-0.0117,0.0011,0.4038,0.00872,0.064,56.5
16856.7,927232,907,0.963,0.1963,0.2789,-0.0082,0.0009,0.4064,0.00289,0.0271,56.6
16874.9,928256,908,0.966,0.1966,0.2789,-0.0083,0.0008,0.3965,0.00317,0.0469,56.6
16893.2,929280,909,0.966,0.1966,0.2789,-0.0069,0.0009,0.3859,0.00349,0.02,56.6
16911.5,930304,910,0.964,0.1964,0.2789,-0.0086,0.0006,0.3759,0.00226,0.0398,56.6
16929.8,931328,911,0.96,0.196,0.2789,-0.0084,0.0007,0.3713,0.00337,0.0239,56.5
16948.0,932352,912,0.969,0.1969,0.2789,-0.0079,0.0006,0.3647,0.00239,0.0295,56.6
16966.3,933376,913,0.965,0.1965,0.2789,-0.0075,0.0007,0.3742,0.00614,0.0403,56.5
16984.5,934400,914,0.962,0.1962,0.2789,-0.0073,0.0007,0.3613,0.00263,0.0234,56.6
17003.9,935424,915,0.95,0.195,0.2789,-0.0036,0.0126,0.4017,0.00143,0.0239,53.5
17022.1,936448,916,0.947,0.1947,0.2789,-0.0065,0.001,0.371,0.00456,0.0278,56.6
17041.4,937472,917,0.946,0.1946,0.2789,-0.0025,0.0069,0.428,-0.00107,0.0247,53.5
17059.7,938496,918,0.942,0.1942,0.2789,-0.0075,0.0016,0.3776,0.00339,0.0232,56.5
17078.0,939520,919,0.941,0.1941,0.2789,-0.0056,0.001,0.3562,0.00591,0.0562,56.6
17096.2,940544,920,0.935,0.1935,0.2789,-0.004,0.0095,0.3855,0.00186,0.0259,56.5
17114.5,941568,921,0.931,0.1931,0.2789,-0.0088,0.0012,0.3493,0.00286,0.0491,56.5
17133.8,942592,922,0.93,0.193,0.2789,-0.0062,0.0027,0.3498,0.00341,0.0132,53.4
17152.1,943616,923,0.937,0.1937,0.2789,-0.0059,0.0009,0.3622,0.00252,0.0288,56.5
17170.4,944640,924,0.933,0.1933,0.2789,-0.0066,0.0005,0.3622,0.00259,0.0286,56.5
17188.7,945664,925,0.927,0.1927,0.2789,-0.0083,0.0039,0.4139,0.00255,0.0215,56.6
17207.0,946688,926,0.924,0.1924,0.2789,-0.0057,0.0012,0.3633,0.00116,0.0137,56.5
17225.2,947712,927,0.92,0.192,0.2789,-0.0067,0.0006,0.3617,0.00158,0.0205,56.6
17243.5,948736,928,0.923,0.1923,0.2789,-0.0098,0.0034,0.3812,0.00234,0.0315,56.6
17261.7,949760,929,0.919,0.1919,0.2789,-0.007,0.0011,0.3608,0.00945,0.0493,56.6
17280.0,950784,930,0.916,0.1916,0.2789,-0.0065,0.0008,0.365,0.0018,0.0247,56.5
17298.3,951808,931,0.912,0.1912,0.2789,-0.0076,0.0008,0.3759,0.00269,0.0186,56.5
17317.7,952832,932,0.9,0.19,0.2789,-0.0057,0.0114,0.4904,0.00689,0.0667,53.4
17336.0,953856,933,0.895,0.1895,0.2789,-0.0079,0.0041,0.4051,0.00443,0.0261,56.5
17354.2,954880,934,0.891,0.1891,0.2789,-0.005,0.0014,0.3794,0.0031,0.0237,56.6
17372.5,955904,935,0.888,0.1888,0.2789,-0.009,0.0009,0.371,-0.0015,0.0229,56.6
17390.8,956928,936,0.89,0.189,0.2789,-0.0081,0.0007,0.3797,-0.0013,0.0237,56.5
17409.0,957952,937,0.89,0.189,0.2789,-0.0079,0.0005,0.359,-0.00036,0.019,56.5
17427.3,958976,938,0.887,0.1887,0.2789,-0.0068,0.0005,0.3682,0.00271,0.0181,56.5
17445.6,960000,939,0.888,0.1888,0.2789,-0.0086,0.0005,0.362,0.00614,0.0295,56.6
17464.9,961024,940,0.88,0.188,0.2789,-0.0055,0.0065,0.4543,0.0025,0.0193,53.5
17483.1,962048,941,0.878,0.1878,0.2789,-0.0048,0.0008,0.3839,-0.00047,0.0129,56.6
17501.4,963072,942,0.875,0.1875,0.2789,-0.0056,0.0006,0.3798,0.00183,0.0134,56.6
17519.7,964096,943,0.875,0.1875,0.2789,-0.0063,0.0005,0.3866,0.00427,0.0237,56.6
17537.9,965120,944,0.871,0.1871,0.2789,-0.0063,0.0007,0.3873,0.00289,0.019,56.6
17556.2,966144,945,0.865,0.1865,0.2789,-0.0073,0.0063,0.3894,0.00049,0.0193,56.6
17575.5,967168,946,0.86,0.186,0.2789,-0.01,0.0023,0.3727,0.00192,0.03,53.5
17593.8,968192,947,0.856,0.1856,0.2789,-0.0101,0.0007,0.3693,0.00562,0.0442,56.5
17612.0,969216,948,0.855,0.1855,0.2789,-0.0026,0.0038,0.3788,0.00037,0.0063,56.6
17630.3,970240,949,0.852,0.1852,0.2789,-0.0056,0.001,0.3622,0.00145,0.0208,56.5
17648.6,971264,950,0.849,0.1849,0.2789,-0.007,0.0006,0.3681,0.00312,0.0266,56.5
17667.9,972288,951,0.838,0.1838,0.2789,-0.0026,0.0023,0.3476,-0.00031,0.0186,53.4
17686.2,973312,952,0.834,0.1834,0.2789,-0.008,0.0004,0.3546,0.00106,0.0273,56.5
17704.5,974336,953,0.822,0.1822,0.2789,-0.0041,0.0102,0.345,0.0017,0.0129,56.5
17723.7,975360,954,0.823,0.1823,0.2789,-0.0091,0.0007,0.3533,0.00586,0.0781,53.9
17741.9,976384,955,0.822,0.1822,0.2789,-0.0046,0.0007,0.3542,0.00168,0.042,56.6
17760.3,977408,956,0.82,0.182,0.2789,-0.0071,0.0004,0.3346,0.00744,0.0374,56.4
17778.6,978432,957,0.817,0.1817,0.2789,-0.0045,0.0008,0.3444,0.00431,0.0298,56.5
17796.9,979456,958,0.813,0.1813,0.2789,-0.0063,0.0003,0.3341,0.00388,0.0242,56.5
17815.2,980480,959,0.809,0.1809,0.2789,-0.0067,0.0006,0.34,0.00175,0.0396,56.6
17833.5,981504,960,0.806,0.1806,0.2789,-0.0096,0.0004,0.3401,0.00047,0.03,56.6
17851.7,982528,961,0.803,0.1803,0.2789,-0.0087,0.0004,0.3295,0.00707,0.0549,56.5
17870.0,983552,962,0.799,0.1799,0.2789,-0.0075,0.0004,0.3135,0.00183,0.0464,56.5
17888.3,984576,963,0.796,0.1796,0.2789,-0.01,0.0004,0.3175,0.00532,0.0615,56.5
17906.5,985600,964,0.795,0.1795,0.2789,-0.0092,0.0004,0.3006,0.00701,0.0574,56.6
17924.8,986624,965,0.795,0.1795,0.2789,-0.0068,0.0004,0.2954,0.00127,0.0286,56.6
17943.1,987648,966,0.792,0.1792,0.2789,-0.0068,0.0004,0.2768,0.00136,0.0271,56.5
17961.4,988672,967,0.788,0.1788,0.2789,-0.0085,0.0005,0.2891,0.00103,0.0818,56.6
17979.6,989696,968,0.785,0.1785,0.2789,-0.0055,0.0004,0.3053,0.0044,0.0278,56.6
17997.9,990720,969,0.781,0.1781,0.2789,-0.0076,0.0003,0.2827,0.00608,0.0571,56.5
18016.2,991744,970,0.778,0.1778,0.2789,-0.0056,0.0003,0.286,0.00473,0.0371,56.6
18035.5,992768,971,0.766,0.1766,0.2789,-0.0027,0.0044,0.3447,0.0004,0.0132,53.5
18053.8,993792,972,0.769,0.1769,0.2789,-0.0058,0.0012,0.319,0.00061,0.0405,56.6
18072.0,994816,973,0.772,0.1772,0.2789,-0.0057,0.0023,0.3428,0.00235,0.0217,56.5
18090.3,995840,974,0.768,0.1768,0.2789,-0.0062,0.001,0.2979,0.00648,0.0332,56.5
18108.6,996864,975,0.765,0.1765,0.2789,-0.0081,0.0008,0.2822,0.00607,0.0471,56.6
18126.9,997888,976,0.761,0.1761,0.2789,-0.0049,0.0008,0.2936,0.00439,0.0295,56.5
18145.2,998912,977,0.757,0.1757,0.2789,-0.0087,0.0004,0.2825,0.00538,0.0327,56.6
18163.4,999936,978,0.753,0.1753,0.2789,-0.0082,0.0004,0.2642,0.00318,0.0261,56.6
18181.7,1000960,979,0.753,0.1753,0.2789,-0.0072,0.0004,0.2714,0.00336,0.0369,56.5
18200.0,1001984,980,0.752,0.1752,0.2789,-0.011,0.0005,0.2881,0.00841,0.0408,56.5
18218.3,1003008,981,0.748,0.1748,0.2789,-0.0056,0.0004,0.3107,0.00747,0.0405,56.5
18236.6,1004032,982,0.744,0.1744,0.2789,-0.009,0.0006,0.2976,0.00285,0.0271,56.6
18254.8,1005056,983,0.74,0.174,0.2789,-0.0065,0.0005,0.307,0.0039,0.0454,56.6
18273.1,1006080,984,0.744,0.1744,0.2789,-0.0047,0.0005,0.2951,0.0045,0.0259,56.5
18292.4,1007104,985,0.742,0.1742,0.2789,-0.0059,0.0098,0.3591,0.00248,0.0537,53.5
18310.7,1008128,986,0.749,0.1749,0.2789,-0.005,0.0011,0.3244,0.00395,0.0361,56.5
18329.0,1009152,987,0.753,0.1753,0.2789,-0.0066,0.0006,0.299,0.00765,0.0317,56.5
18347.3,1010176,988,0.754,0.1754,0.2789,-0.006,0.0072,0.1831,0.00951,0.0427,56.5
18364.5,1011200,989,0.754,0.1754,0.2789,-0.0073,0.003,0.2674,0.00587,0.0393,60.0
18382.8,1012224,990,0.751,0.1751,0.2789,-0.0035,0.0058,0.2792,0.00061,0.0271,56.5
18401.1,1013248,991,0.751,0.1751,0.2789,-0.0068,0.0028,0.296,0.0059,0.0706,56.6
18419.3,1014272,992,0.751,0.1751,0.2789,-0.0073,0.0026,0.2275,0.0094,0.0388,56.6
18436.5,1015296,993,0.751,0.1751,0.2789,-0.0057,0.0029,0.1986,0.00511,0.0366,60.0
18454.8,1016320,994,0.751,0.1751,0.2789,-0.0019,0.0055,0.3138,0.00435,0.0203,56.5
18473.1,1017344,995,0.758,0.1758,0.2789,-0.0057,0.0048,0.3,6e-05,0.0435,56.5
18491.4,1018368,996,0.758,0.1758,0.2789,-0.0039,0.0026,0.2289,0.00562,0.0415,56.5
18509.7,1019392,997,0.758,0.1758,0.2789,-0.0043,0.0024,0.1848,0.00712,0.0452,56.6
18526.9,1020416,998,0.758,0.1758,0.2789,-0.0068,0.0009,0.2587,0.00238,0.0374,60.0
18545.2,1021440,999,0.758,0.1758,0.2789,-0.0048,0.001,0.2706,0.00395,0.0615,56.6
18563.5,1022464,1000,0.757,0.1757,0.2789,-0.0025,0.0044,0.2298,0.00338,0.0198,56.5
18581.7,1023488,1001,0.764,0.1764,0.2789,-0.0066,0.003,0.1779,0.00085,0.0259,56.6
18598.9,1024512,1002,0.764,0.1764,0.2789,-0.0068,0.0008,0.1877,0.00429,0.031,60.0
18617.2,1025536,1003,0.764,0.1764,0.2789,-0.0071,0.0016,0.2616,0.00478,0.0469,56.5
18635.4,1026560,1004,0.76,0.176,0.2789,-0.0018,0.0015,0.2599,0.00197,0.0173,56.8
18653.7,1027584,1005,0.763,0.1763,0.2789,-0.0156,0.0036,0.2738,0.02062,0.0608,56.6
18672.0,1028608,1006,0.763,0.1763,0.2789,-0.0059,0.0073,0.2008,0.00106,0.0205,56.5
18689.2,1029632,1007,0.763,0.1763,0.2789,-0.0031,0.0016,0.1637,0.00076,0.0183,60.0
18707.5,1030656,1008,0.772,0.1772,0.2789,-0.0024,0.0033,0.2507,0.00616,0.0427,56.6
18725.7,1031680,1009,0.773,0.1773,0.2789,-0.0089,0.0027,0.2653,0.00825,0.0342,56.5
18744.0,1032704,1010,0.769,0.1769,0.2789,-0.0072,0.0072,0.2683,0.00167,0.0337,56.6
18762.3,1033728,1011,0.769,0.1769,0.2789,-0.0038,0.0025,0.2628,0.00334,0.0168,56.6
18780.5,1034752,1012,0.77,0.177,0.2789,-0.0054,0.0023,0.1876,0.0073,0.033,56.6
18797.8,1035776,1013,0.77,0.177,0.2789,-0.007,0.001,0.188,0.00053,0.0315,60.0
18816.0,1036800,1014,0.777,0.1777,0.2789,-0.0014,0.0014,0.2871,0.0033,0.0242,56.6
18834.3,1037824,1015,0.785,0.1785,0.2789,-0.0023,0.0014,0.2695,0.0043,0.0288,56.5
18852.6,1038848,1016,0.785,0.1785,0.2789,-0.003,0.0017,0.1685,0.00037,0.0225,56.5
18869.8,1039872,1017,0.785,0.1785,0.2789,-0.0067,0.0006,0.2341,0.0027,0.0376,60.0
18888.1,1040896,1018,0.786,0.1786,0.2841,-0.008,0.0034,0.282,0.00352,0.0212,56.6
18906.4,1041920,1019,0.793,0.1793,0.2841,-0.005,0.0013,0.1917,-0.00055,0.019,56.5
18923.6,1042944,1020,0.793,0.1793,0.2841,-0.0064,0.0006,0.1717,0.00324,0.04,60.0
18941.9,1043968,1021,0.8,0.18,0.2841,-0.0048,0.0014,0.2579,0.00273,0.0229,56.5
18960.2,1044992,1022,0.804,0.1804,0.2841,-0.0021,0.0057,0.274,0.00224,0.0193,56.6
18978.4,1046016,1023,0.805,0.1805,0.29,-0.005,0.0043,0.2695,0.00666,0.0391,56.6
18996.7,1047040,1024,0.806,0.1806,0.29,-0.0062,0.0031,0.1767,0.00531,0.0327,56.5
19014.0,1048064,1025,0.806,0.1806,0.29,-0.0042,0.0006,0.2201,0.0044,0.0195,60.0
19032.2,1049088,1026,0.804,0.1804,0.29,-0.0058,0.0082,0.265,0.00464,0.0261,56.5
19050.5,1050112,1027,0.811,0.1811,0.29,-0.0072,0.0029,0.2655,0.00965,0.0676,56.5
19068.8,1051136,1028,0.817,0.1817,0.29,-0.0054,0.0018,0.186,0.00158,0.0229,56.5
19087.1,1052160,1029,0.815,0.1815,0.29,-0.0056,0.0064,0.384,0.00491,0.0601,56.5
19104.3,1053184,1030,0.815,0.1815,0.29,-0.0053,0.0021,0.1595,0.00139,0.0291,60.0
19122.6,1054208,1031,0.824,0.1824,0.3687,-0.0111,0.0103,0.3716,0.00232,0.0359,56.5
19141.9,1055232,1032,0.817,0.1817,0.3687,-0.0014,0.0126,0.3797,0.00253,0.0193,53.5
19160.2,1056256,1033,0.815,0.1815,0.3687,-0.0073,0.0067,0.3586,0.00496,0.0413,56.5
19178.5,1057280,1034,0.817,0.1817,0.3687,-0.004,0.0041,0.2781,0.00441,0.0579,56.5
19196.7,1058304,1035,0.822,0.1822,0.3687,-0.0117,0.0089,0.2585,0.00826,0.0422,56.6
19213.9,1059328,1036,0.822,0.1822,0.3687,-0.0056,0.002,0.2262,0.00248,0.0295,60.1
19232.2,1060352,1037,0.83,0.183,0.3687,-0.0029,0.0027,0.2485,0.00244,0.0227,56.5
19250.5,1061376,1038,0.837,0.1837,0.3687,-0.0042,0.002,0.2315,0.00468,0.0176,56.6
19268.8,1062400,1039,0.837,0.1837,0.3687,-0.0037,0.0021,0.1796,0.00032,0.0212,56.5
19286.0,1063424,1040,0.837,0.1837,0.3687,-0.0061,0.0007,0.2052,0.00403,0.0234,60.0
19305.3,1064448,1041,0.841,0.1841,0.3687,-0.0062,0.0071,0.3684,0.00366,0.0349,53.5
19322.5,1065472,1042,0.841,0.1841,0.3687,-0.008,0.0014,0.1712,0.00373,0.0354,60.1
19340.8,1066496,1043,0.848,0.1848,0.3687,-0.0052,0.0029,0.2565,0.00637,0.0403,56.6
19359.1,1067520,1044,0.855,0.1855,0.3687,-0.0022,0.0056,0.2476,0.00314,0.0249,56.5
19377.3,1068544,1045,0.862,0.1862,0.3687,-0.0037,0.0022,0.2333,0.00718,0.0293,56.6
19395.6,1069568,1046,0.87,0.187,0.3687,-0.0047,0.0014,0.167,0.00672,0.0168,56.5
19413.9,1070592,1047,0.876,0.1876,0.3687,-0.0031,0.0062,0.2808,0.00379,0.0383,56.5
19431.1,1071616,1048,0.876,0.1876,0.3687,-0.0031,0.0019,0.1634,0.0017,0.0144,60.0
19449.4,1072640,1049,0.881,0.1881,0.3687,-0.0053,0.0039,0.2777,0.00542,0.0303,56.5
19468.7,1073664,1050,0.881,0.1881,0.3687,-0.0056,0.0103,0.3788,0.01263,0.0796,53.5
19486.0,1074688,1051,0.881,0.1881,0.3687,-0.0038,0.0049,0.1513,0.00313,0.0303,60.0
19504.2,1075712,1052,0.895,0.1895,0.3687,-0.0044,0.0069,0.3833,0.00784,0.0479,56.6
19521.4,1076736,1053,0.895,0.1895,0.3687,-0.0032,0.0038,0.1407,0.0033,0.0137,60.0
19539.7,1077760,1054,0.908,0.1908,0.3687,-0.0059,0.0038,0.2967,0.00016,0.0466,56.5
19558.0,1078784,1055,0.916,0.1916,0.3687,-0.0063,0.0033,0.2071,0.00645,0.0537,56.5
19575.2,1079808,1056,0.916,0.1916,0.3687,-0.0061,0.0008,0.2524,0.00665,0.0325,60.1
19593.5,1080832,1057,0.924,0.1924,0.3687,-0.0086,0.0036,0.3159,0.01366,0.0422,56.5
19610.7,1081856,1058,0.924,0.1924,0.3687,-0.0076,0.0011,0.1955,0.00576,0.0298,60.0
19629.0,1082880,1059,0.937,0.1937,0.3687,-0.0067,0.0024,0.3768,0.00659,0.0332,56.5
19646.2,1083904,1060,0.937,0.1937,0.3687,-0.0049,0.0017,0.1495,0.00257,0.0281,60.1
19664.5,1084928,1061,0.951,0.1951,0.3838,-0.0066,0.0087,0.3921,-0.00068,0.0244,56.6
19682.8,1085952,1062,0.947,0.1947,0.3838,-0.0081,0.0023,0.3079,0.00764,0.073,56.6
19701.1,1086976,1063,0.964,0.1964,0.3838,-0.0052,0.0031,0.2746,0.0038,0.0217,56.5
19718.3,1088000,1064,0.964,0.1964,0.3838,-0.0045,0.0007,0.2318,0.00402,0.0264,60.0
19736.6,1089024,1065,0.971,0.1971,0.3838,-0.005,0.0017,0.3053,0.00404,0.0176,56.5
19754.9,1090048,1066,0.989,0.1989,0.3838,-0.0039,0.0058,0.272,0.00213,0.0205,56.5
19772.1,1091072,1067,0.989,0.1989,0.3838,-0.0061,0.001,0.2731,0.00731,0.0283,60.0
19790.4,1092096,1068,0.994,0.1994,0.3838,-0.0058,0.0069,0.321,0.00566,0.0227,56.5
19808.7,1093120,1069,1.002,0.2002,0.3838,-0.0099,0.0037,0.3017,0.00478,0.0283,56.6
19825.9,1094144,1070,1.002,0.2002,0.3838,-0.006,0.0009,0.238,0.00024,0.0325,60.0
19844.2,1095168,1071,1.015,0.2015,0.3838,-0.0042,0.0043,0.3611,0.00354,0.0222,56.5
19861.4,1096192,1072,1.015,0.2015,0.3838,-0.0041,0.001,0.1643,0.00609,0.0266,60.1
19879.7,1097216,1073,1.028,0.2028,0.3838,-0.0049,0.0023,0.4085,0.00359,0.0554,56.6
19896.9,1098240,1074,1.028,0.2028,0.3838,-0.0044,0.0011,0.2085,0.00129,0.0264,60.0
19916.2,1099264,1075,1.045,0.2045,0.3838,-0.0057,0.0072,0.3799,0.00176,0.0242,53.5
19933.5,1100288,1076,1.045,0.2045,0.3838,-0.0037,0.0015,0.2204,-5e-05,0.0398,60.0
19951.7,1101312,1077,1.052,0.2052,0.3838,-0.0058,0.0028,0.2915,0.00054,0.0181,56.5
19970.0,1102336,1078,1.06,0.206,0.3838,-0.0061,0.0023,0.3101,-0.00305,0.0305,56.6
19987.2,1103360,1079,1.06,0.206,0.3838,-0.0044,0.0009,0.2261,0.00323,0.0166,60.0
20005.5,1104384,1080,1.068,0.2068,0.3838,-0.0083,0.0029,0.3746,0.00293,0.0432,56.5
20022.7,1105408,1081,1.068,0.2068,0.3838,-0.0085,0.0009,0.1691,0.00161,0.0254,60.1
20041.0,1106432,1082,1.083,0.2083,0.3838,-0.0106,0.0032,0.3955,0.00365,0.0271,56.5
20058.2,1107456,1083,1.083,0.2083,0.3838,-0.0053,0.0007,0.1929,0.00048,0.0137,60.0
20076.5,1108480,1084,1.1,0.21,0.3838,-0.0087,0.0026,0.3401,0.00281,0.021,56.6
20094.7,1109504,1085,1.1,0.21,0.3838,-0.0013,0.0082,0.3102,-0.001,0.0042,56.6
20113.0,1110528,1086,1.104,0.2104,0.3838,-0.0046,0.0044,0.3229,0.00164,0.0088,56.4
20131.3,1111552,1087,1.104,0.2104,0.3838,-0.0084,0.005,0.3115,0.00605,0.021,56.5
20149.6,1112576,1088,1.104,0.2104,0.3838,-0.0031,0.0024,0.2924,-0.00215,0.0142,56.5
20167.9,1113600,1089,1.109,0.2109,0.3838,-0.0016,0.0103,0.2927,0.00056,0.0166,56.6
20186.1,1114624,1090,1.114,0.2114,0.3838,-0.0084,0.0063,0.1829,0.00629,0.0356,56.6
20203.4,1115648,1091,1.114,0.2114,0.3838,-0.0044,0.0012,0.2655,0.00044,0.0229,60.1
20221.6,1116672,1092,1.118,0.2118,0.3838,-0.0015,0.005,0.3324,-4e-05,0.0186,56.6
20239.9,1117696,1093,1.123,0.2123,0.3838,-0.0044,0.0044,0.2354,-0.00055,0.0244,56.5
20258.2,1118720,1094,1.123,0.2123,0.3838,-0.003,0.0044,0.3226,0.00193,0.0149,56.6
20276.5,1119744,1095,1.125,0.2125,0.3838,-0.0038,0.0076,0.2556,0.00354,0.021,56.5
20293.7,1120768,1096,1.125,0.2125,0.3838,-0.0038,0.0009,0.282,0.00364,0.0298,60.0
20312.0,1121792,1097,1.13,0.213,0.3838,-0.0092,0.0036,0.3556,0.00322,0.0281,56.5
20330.3,1122816,1098,1.138,0.2138,0.3838,-0.0068,0.0031,0.2342,0.00439,0.0217,56.5
20347.5,1123840,1099,1.138,0.2138,0.3838,-0.0033,0.0008,0.2225,0.00354,0.022,60.0
20365.8,1124864,1100,1.142,0.2142,0.3838,-0.0061,0.0021,0.3357,0.00139,0.021,56.6
20384.0,1125888,1101,1.146,0.2146,0.3838,-0.0051,0.0025,0.2907,0.00404,0.0227,56.5
20402.3,1126912,1102,1.155,0.2155,0.3838,-0.0047,0.0023,0.1895,0.00389,0.0312,56.5
20419.5,1127936,1103,1.155,0.2155,0.3838,-0.0053,0.0007,0.2868,0.00067,0.0322,60.0
20437.8,1128960,1104,1.16,0.216,0.3838,-0.0089,0.0018,0.3455,0.00247,0.0212,56.5
20456.1,1129984,1105,1.164,0.2164,0.3838,-0.0056,0.0035,0.2352,-0.00018,0.0227,56.6
20475.4,1131008,1106,1.157,0.2157,0.3838,-0.0061,0.0179,0.4539,0.0026,0.0276,53.4
20492.6,1132032,1107,1.157,0.2157,0.3838,-0.0044,0.0018,0.2196,0.00078,0.0232,60.0
20510.9,1133056,1108,1.162,0.2162,0.3838,-0.0074,0.0021,0.3552,0.00297,0.0105,56.5
20529.2,1134080,1109,1.167,0.2167,0.3838,-0.0063,0.0018,0.2861,0.00103,0.0203,56.6
20547.5,1135104,1110,1.171,0.2171,0.3838,-0.0065,0.0031,0.2363,0.0041,0.0369,56.5
20564.7,1136128,1111,1.171,0.2171,0.3838,-0.0066,0.0006,0.3006,0.00218,0.0244,60.0
20583.0,1137152,1112,1.175,0.2175,0.3838,-0.0077,0.0016,0.3614,0.00455,0.0405,56.5
20601.2,1138176,1113,1.179,0.2179,0.3838,-0.0045,0.0023,0.2597,0.00159,0.0142,56.5
20618.5,1139200,1114,1.179,0.2179,0.3838,-0.0042,0.0013,0.2245,0.00605,0.0383,60.0
20636.8,1140224,1115,1.191,0.2191,0.3838,-0.0068,0.0034,0.4136,0.00941,0.0449,56.5
20654.0,1141248,1116,1.191,0.2191,0.3838,-0.0048,0.002,0.1687,0.00364,0.0149,60.0
20672.3,1142272,1117,1.204,0.2204,0.3838,-0.0082,0.005,0.4595,0.00099,0.0332,56.5
20689.5,1143296,1118,1.204,0.2204,0.3838,-0.0044,0.0015,0.2271,0.00601,0.0378,60.0
20708.8,1144320,1119,1.208,0.2208,0.3838,-0.0063,0.0129,0.4803,0.00182,0.0156,53.5
20726.1,1145344,1120,1.208,0.2208,0.3838,-0.0074,0.0016,0.2565,0.00151,0.0205,60.0
20743.3,1146368,1121,1.208,0.2208,0.3838,-0.0102,0.0084,0.3602,0.0068,0.0415,60.0
20761.6,1147392,1122,1.225,0.2225,0.4886,-0.0062,0.0074,0.3593,0.00284,0.009,56.5
20779.9,1148416,1123,1.235,0.2235,0.4886,-0.0075,0.0039,0.2737,0.00233,0.0349,56.5
20797.1,1149440,1124,1.235,0.2235,0.4886,-0.01,0.0012,0.2921,0.00026,0.021,60.0
20815.4,1150464,1125,1.242,0.2242,0.4886,-0.0079,0.0077,0.3627,0.00329,0.0371,56.6
20833.6,1151488,1126,1.238,0.2238,0.4886,-0.0044,0.0107,0.3819,0.00435,0.0203,56.6
20850.9,1152512,1127,1.238,0.2238,0.4886,-0.008,0.0059,0.2377,0.00124,0.0149,60.0
20870.0,1153536,1128,1.244,0.2244,0.4886,-0.0074,0.0071,0.4871,0.0087,0.0447,53.9
20887.3,1154560,1129,1.244,0.2244,0.4886,-0.0049,0.0023,0.2096,0.00086,0.0186,60.0
20905.5,1155584,1130,1.263,0.2263,0.4886,-0.0114,0.0053,0.4465,-0.00011,0.0422,56.5
20922.8,1156608,1131,1.263,0.2263,0.4886,-0.0074,0.001,0.2192,0.00467,0.0315,60.0
20941.1,1157632,1132,1.273,0.2273,0.4886,-0.0041,0.0088,0.3844,0.00518,0.0356,56.5
20959.3,1158656,1133,1.268,0.2268,0.4886,-0.0022,0.0031,0.3389,0.00034,0.0093,56.5
20978.7,1159680,1134,1.266,0.2266,0.4886,-0.008,0.0143,0.4348,0.0035,0.0237,53.4
20996.9,1160704,1135,1.266,0.2266,0.4886,-0.0015,0.0098,0.361,0.00093,0.0117,56.6
21015.2,1161728,1136,1.261,0.2261,0.4886,-0.0035,0.0119,0.4053,-0.00124,0.012,56.5
21032.4,1162752,1137,1.261,0.2261,0.4886,-0.0084,0.0024,0.1939,0.00196,0.0234,60.0
21050.7,1163776,1138,1.273,0.2273,0.4886,-0.0055,0.0077,0.4314,-0.0007,0.0183,56.5
21069.0,1164800,1139,1.269,0.2269,0.4886,-0.0043,0.0033,0.3116,0.0035,0.0217,56.6
21086.2,1165824,1140,1.269,0.2269,0.4886,-0.0105,0.0018,0.2099,-0.00212,0.0657,60.1
21104.5,1166848,1141,1.28,0.228,0.4886,-0.0064,0.0068,0.3283,0.00419,0.0156,56.5
21122.7,1167872,1142,1.289,0.2289,0.4886,-0.0057,0.0057,0.28,0.00539,0.0349,56.6
21139.9,1168896,1143,1.289,0.2289,0.4886,-0.0052,0.0007,0.2118,0.00148,0.0244,60.0
21158.2,1169920,1144,1.309,0.2309,0.4886,-0.0091,0.0095,0.3095,0.00436,0.0334,56.6
21175.4,1170944,1145,1.309,0.2309,0.4886,-0.0048,0.0006,0.2468,0.00402,0.0308,60.0
21193.7,1171968,1146,1.319,0.2319,0.4886,-0.0048,0.0033,0.2595,0.00509,0.0325,56.5
21210.9,1172992,1147,1.319,0.2319,0.4886,-0.0041,0.0007,0.2018,0.00431,0.0225,60.0
21230.3,1174016,1148,1.325,0.2325,0.4886,-0.0019,0.0137,0.29,0.00462,0.0139,53.4
21247.5,1175040,1149,1.325,0.2325,0.4886,-0.0058,0.0011,0.2724,0.00547,0.0559,60.0
21264.7,1176064,1150,1.325,0.2325,0.4886,-0.009,0.0028,0.1923,0.00785,0.0398,60.0
21283.0,1177088,1151,1.336,0.2336,0.4886,-0.0048,0.001,0.2929,1e-05,0.0308,56.5
21301.3,1178112,1152,1.343,0.2343,0.4886,-0.007,0.003,0.2791,0.00512,0.0166,56.5
21318.5,1179136,1153,1.343,0.2343,0.4886,-0.0061,0.0007,0.2057,0.00663,0.0332,60.0
21335.7,1180160,1154,1.343,0.2343,0.4886,-0.0103,0.003,0.3174,0.00707,0.0535,60.0
21354.0,1181184,1155,1.359,0.2359,0.4886,-0.0038,0.0037,0.301,0.0005,0.0139,56.5
21372.3,1182208,1156,1.363,0.2363,0.4886,-0.0138,0.0041,0.3116,0.00955,0.0276,56.5
21390.6,1183232,1157,1.368,0.2368,0.4886,-0.003,0.0032,0.2473,0.00403,0.0269,56.6
21407.8,1184256,1158,1.368,0.2368,0.4886,-0.0082,0.0016,0.2143,0.0041,0.0325,60.1
21426.1,1185280,1159,1.372,0.2372,0.4886,-0.0048,0.0006,0.2893,0.00466,0.0203,56.5
21444.4,1186304,1160,1.376,0.2376,0.4886,-0.0092,0.0019,0.3409,0.00411,0.0266,56.6
21462.6,1187328,1161,1.379,0.2379,0.4886,-0.0083,0.0022,0.2478,0.00195,0.022,56.5
21479.9,1188352,1162,1.379,0.2379,0.4886,-0.0088,0.0017,0.2345,0.005,0.0334,60.0
21498.0,1189376,1163,1.385,0.2385,0.4886,-0.0081,0.0005,0.3265,0.00523,0.0454,56.8
21516.3,1190400,1164,1.389,0.2389,0.4886,-0.0079,0.0016,0.3541,0.00763,0.0325,56.6
21534.6,1191424,1165,1.392,0.2392,0.4886,-0.0037,0.0016,0.2638,-0.00015,0.0178,56.6
21552.9,1192448,1166,1.398,0.2398,0.4886,-0.0069,0.0014,0.2368,0.00191,0.0188,56.5
21570.1,1193472,1167,1.398,0.2398,0.4886,-0.0059,0.0005,0.3303,0.0022,0.0222,60.0
21587.3,1194496,1168,1.398,0.2398,0.4886,-0.0075,0.0045,0.2362,0.00036,0.0249,60.1
21605.5,1195520,1169,1.408,0.2408,0.4886,-0.0057,0.0013,0.3032,0.00308,0.0085,56.9
21622.7,1196544,1170,1.408,0.2408,0.4886,-0.0084,0.0027,0.2728,0.00108,0.0344,60.0
21641.0,1197568,1171,1.42,0.242,0.4886,-0.0057,0.0033,0.3363,0.00042,0.0137,56.6
21658.2,1198592,1172,1.42,0.242,0.4886,-0.0071,0.0018,0.2434,0.00162,0.0337,60.1
21676.5,1199616,1173,1.431,0.2431,0.4886,-0.0039,0.0043,0.366,0.00094,0.0479,56.6
21693.7,1200640,1174,1.431,0.2431,0.4886,-0.0048,0.0012,0.2198,-0.00055,0.0188,60.1
21712.0,1201664,1175,1.446,0.2446,0.4886,-0.0061,0.0061,0.4342,0.00041,0.0154,56.5
21730.2,1202688,1176,1.455,0.2455,0.4886,-0.012,0.0042,0.2611,0.00568,0.03,56.6
21747.5,1203712,1177,1.455,0.2455,0.4886,-0.0063,0.0006,0.2289,0.00292,0.0183,60.0
21765.8,1204736,1178,1.461,0.2461,0.4886,-0.0065,0.0081,0.3334,0.00145,0.0264,56.5
21783.0,1205760,1179,1.461,0.2461,0.4886,-0.007,0.0024,0.2226,0.007,0.0349,60.0
21801.2,1206784,1180,1.473,0.2473,0.4886,-0.0062,0.0069,0.3817,0.0005,0.0159,56.6
21818.5,1207808,1181,1.473,0.2473,0.4886,-0.0055,0.0011,0.221,0.00304,0.0383,60.0
21836.7,1208832,1182,1.486,0.2486,0.4886,-0.0129,0.0043,0.4314,0.00402,0.0369,56.6
21854.0,1209856,1183,1.486,0.2486,0.4886,-0.0037,0.0012,0.1528,0.00205,0.0261,60.0
21872.2,1210880,1184,1.497,0.2497,0.4886,-0.0066,0.0053,0.3774,0.00074,0.0293,56.6
21889.4,1211904,1185,1.497,0.2497,0.4886,-0.0054,0.0007,0.1927,0.00429,0.0266,60.0
21907.7,1212928,1186,1.508,0.2508,0.4886,-0.0089,0.0061,0.3368,0.00486,0.0173,56.6
21926.0,1213952,1187,1.502,0.2502,0.4886,0.0011,0.0049,0.3081,0.00051,0.0137,56.5
21944.3,1214976,1188,1.511,0.2511,0.4886,-0.0037,0.0065,0.2523,0.00284,0.0259,56.6
21961.5,1216000,1189,1.511,0.2511,0.4886,-0.0091,0.0006,0.2772,0.01059,0.072,59.9
21979.8,1217024,1190,1.513,0.2513,0.4886,-0.0037,0.0074,0.3233,0.00099,0.012,56.5
21997.0,1218048,1191,1.513,0.2513,0.4886,-0.0051,0.0025,0.2539,0.00102,0.0161,60.0
22015.3,1219072,1192,1.531,0.2531,0.4886,-0.0088,0.0091,0.4078,0.00462,0.0344,56.5
22033.6,1220096,1193,1.536,0.2536,0.4886,-0.004,0.0089,0.2169,-0.00132,0.0125,56.5
22050.9,1221120,1194,1.536,0.2536,0.4886,-0.0099,0.0007,0.2963,-0.00138,0.0439,60.0
22069.1,1222144,1195,1.544,0.2544,0.4886,-0.0049,0.008,0.2885,0.00355,0.0149,56.5
22086.4,1223168,1196,1.544,0.2544,0.4886,-0.0052,0.001,0.254,-0.00035,0.0146,60.0
22104.7,1224192,1197,1.557,0.2557,0.4886,-0.0067,0.0049,0.3548,0.00347,0.0142,56.5
22121.9,1225216,1198,1.557,0.2557,0.4886,-0.0069,0.0005,0.2889,0.00639,0.0437,60.0
22140.1,1226240,1199,1.558,0.2558,0.4886,-0.0035,0.0049,0.2848,0.00175,0.0137,56.6
22158.4,1227264,1200,1.568,0.2568,0.4886,-0.002,0.0044,0.2963,-0.00261,0.0164,56.5
22175.6,1228288,1201,1.568,0.2568,0.4886,-0.0054,0.001,0.2213,0.0084,0.0317,60.0
22193.9,1229312,1202,1.573,0.2573,0.4886,-0.0062,0.0038,0.3018,0.00297,0.0151,56.5
22212.2,1230336,1203,1.582,0.2582,0.4886,-0.0073,0.0076,0.2635,0.00104,0.0281,56.5
22229.4,1231360,1204,1.582,0.2582,0.4886,-0.0079,0.0007,0.2496,0.00042,0.0298,60.0
22247.7,1232384,1205,1.583,0.2583,0.4886,-0.0013,0.0034,0.3044,0.0015,0.011,56.5
22265.0,1233408,1206,1.583,0.2583,0.4886,-0.0076,0.0019,0.2887,0.0044,0.0374,60.0
22283.2,1234432,1207,1.596,0.2596,0.4886,-0.0099,0.0043,0.335,0.00264,0.031,56.5
22302.6,1235456,1208,1.594,0.2594,0.4886,-0.0121,0.0162,0.3887,0.00424,0.0522,53.5
22319.8,1236480,1209,1.594,0.2594,0.4886,-0.0055,0.0015,0.2471,0.00045,0.0188,60.1
22338.0,1237504,1210,1.603,0.2603,0.4886,-0.0041,0.0038,0.2896,0.00236,0.0308,56.5
22356.3,1238528,1211,1.612,0.2612,0.4886,-0.0071,0.0032,0.2846,0.00431,0.0273,56.6
22374.6,1239552,1212,1.609,0.2609,0.4886,-0.0081,0.0077,0.38,0.00964,0.054,56.6
22391.8,1240576,1213,1.609,0.2609,0.4886,-0.0063,0.0013,0.1959,0.00245,0.0337,60.0
22410.1,1241600,1214,1.628,0.2628,0.4886,-0.0014,0.0056,0.4102,0.00194,0.0188,56.6
22428.3,1242624,1215,1.633,0.2633,0.4886,-0.0041,0.0088,0.2368,-0.00047,0.0115,56.5
22445.6,1243648,1216,1.633,0.2633,0.4886,-0.009,0.0007,0.3129,0.00328,0.0322,60.0
22463.8,1244672,1217,1.643,0.2643,0.4886,-0.0137,0.0043,0.2922,0.013,0.1118,56.5
22481.1,1245696,1218,1.643,0.2643,0.4886,-0.0067,0.0008,0.3121,-0.00087,0.0193,60.0
22499.3,1246720,1219,1.653,0.2653,0.4886,-0.0133,0.0039,0.283,0.01785,0.1038,56.5
22516.6,1247744,1220,1.653,0.2653,0.4886,-0.006,0.0006,0.2877,0.00038,0.0256,60.1
22533.8,1248768,1221,1.653,0.2653,0.4886,-0.0092,0.002,0.3224,0.00621,0.0613,60.0
22552.1,1249792,1222,1.666,0.2666,0.4886,-0.0076,0.0023,0.3694,0.00017,0.0229,56.6
22569.3,1250816,1223,1.666,0.2666,0.4886,-0.0036,0.0014,0.23,0.00606,0.0244,59.9
22587.6,1251840,1224,1.681,0.2681,0.5049,-0.014,0.0112,0.4122,0.00268,0.0339,56.6
22604.8,1252864,1225,1.681,0.2681,0.5049,-0.008,0.001,0.271,0.0021,0.0398,60.0
22623.1,1253888,1226,1.689,0.2689,0.5049,-0.0009,0.0042,0.3691,-0.0004,0.0112,56.6
22640.3,1254912,1227,1.689,0.2689,0.5049,-0.0085,0.0008,0.2198,0.00652,0.0317,60.0
22658.6,1255936,1228,1.699,0.2699,0.5049,-0.0036,0.0038,0.39,0.0016,0.0076,56.5
22676.8,1256960,1229,1.703,0.2703,0.5049,-0.0041,0.0077,0.2755,0.00216,0.011,56.6
22696.2,1257984,1230,1.692,0.2692,0.5049,-0.0072,0.0176,0.436,0.00539,0.0342,53.5
22713.4,1259008,1231,1.692,0.2692,0.5049,-0.0058,0.002,0.2189,0.00158,0.0261,60.0
22731.7,1260032,1232,1.701,0.2701,0.5049,-0.0083,0.0056,0.4182,0.00381,0.0305,56.5
22748.9,1261056,1233,1.701,0.2701,0.5049,-0.0056,0.0009,0.1925,0.00402,0.0256,60.0
22767.2,1262080,1234,1.711,0.2711,0.5049,-0.0054,0.0058,0.4133,0.00306,0.0227,56.6
22785.4,1263104,1235,1.713,0.2713,0.5049,-0.0039,0.0087,0.3299,0.00376,0.0483,56.6
22802.7,1264128,1236,1.713,0.2713,0.5049,-0.0071,0.0011,0.1941,0.00187,0.0256,60.0
22821.0,1265152,1237,1.722,0.2722,0.5049,-0.0081,0.0013,0.3956,0.00335,0.0217,56.5
22838.2,1266176,1238,1.722,0.2722,0.5049,-0.0056,0.0006,0.1811,-0.00138,0.0208,60.0
22856.4,1267200,1239,1.734,0.2734,0.5049,-0.002,0.009,0.4228,0.00078,0.0107,56.6
22873.7,1268224,1240,1.734,0.2734,0.5049,-0.0049,0.0012,0.222,0.00447,0.02,60.0
22891.9,1269248,1241,1.747,0.2747,0.5049,-0.0058,0.0085,0.3597,0.00442,0.0288,56.5
22910.2,1270272,1242,1.743,0.2743,0.5049,-0.0119,0.0094,0.4543,0.01215,0.1716,56.5
22927.4,1271296,1243,1.743,0.2743,0.5049,-0.0064,0.0012,0.2038,-0.00164,0.0215,60.1
22945.7,1272320,1244,1.759,0.2759,0.5057,-0.0093,0.0106,0.3832,0.00309,0.0193,56.5
22964.0,1273344,1245,1.759,0.2759,0.5057,-0.0096,0.0085,0.4804,0.00453,0.0776,56.5
22982.3,1274368,1246,1.756,0.2756,0.5057,-0.0042,0.0081,0.3745,0.00511,0.0371,56.5
23000.6,1275392,1247,1.756,0.2756,0.5057,-0.0035,0.0057,0.3513,0.00236,0.0422,56.6
23017.8,1276416,1248,1.756,0.2756,0.5057,-0.0062,0.0021,0.2648,-0.00031,0.0327,60.0
23037.1,1277440,1249,1.765,0.2765,0.5057,-0.0105,0.0079,0.4415,0.00689,0.1106,53.4
23055.4,1278464,1250,1.758,0.2758,0.5057,-0.0069,0.0119,0.3574,0.0016,0.0173,56.5
23072.7,1279488,1251,1.758,0.2758,0.5057,-0.0082,0.0011,0.2357,0.00227,0.0403,60.0
23091.0,1280512,1252,1.773,0.2773,0.5057,-0.01,0.0089,0.3984,0.00095,0.0261,56.5
23110.3,1281536,1253,1.76,0.276,0.5057,-0.0071,0.0171,0.3871,-0.00076,0.0728,53.4
23128.6,1282560,1254,1.769,0.2769,0.5057,-0.005,0.0078,0.2274,0.0013,0.0103,56.6
23146.8,1283584,1255,1.765,0.2765,0.5057,-0.0038,0.0084,0.4354,0.00103,0.0098,56.5
23164.1,1284608,1256,1.765,0.2765,0.5057,-0.0053,0.0015,0.2152,0.00118,0.0261,59.9
23182.4,1285632,1257,1.78,0.278,0.5057,-0.0082,0.0093,0.3353,0.0023,0.0156,56.6
23200.6,1286656,1258,1.776,0.2776,0.5057,-0.0118,0.007,0.4681,0.00765,0.0322,56.6
23218.9,1287680,1259,1.772,0.2772,0.5057,-0.0076,0.0071,0.3996,0.00747,0.0454,56.6
23237.2,1288704,1260,1.78,0.278,0.5057,-0.0058,0.0073,0.2178,9e-05,0.0095,56.5
23256.5,1289728,1261,1.773,0.2773,0.5057,-0.0061,0.0149,0.4894,0.00039,0.0349,53.4
23275.8,1290752,1262,1.765,0.2765,0.5057,-0.0051,0.012,0.4662,0.00504,0.0186,53.4
23296.2,1291776,1263,1.735,0.2735,0.5057,-0.0078,0.0257,0.4726,-0.00147,0.0254,50.7
23315.5,1292800,1264,1.719,0.2719,0.5057,-0.0053,0.0111,0.4568,-0.0008,0.0244,53.5
23335.8,1293824,1265,1.693,0.2693,0.5057,-0.0093,0.0175,0.4636,0.00467,0.0417,50.7
23354.1,1294848,1266,1.685,0.2685,0.5057,-0.0042,0.0068,0.4541,0.00752,0.0481,56.6
23373.4,1295872,1267,1.671,0.2671,0.5057,-0.0074,0.0076,0.4598,0.00442,0.0393,53.5
23392.7,1296896,1268,1.66,0.266,0.5057,-0.0073,0.01,0.4586,0.00311,0.0264,53.5
23412.1,1297920,1269,1.645,0.2645,0.5057,-0.0071,0.0096,0.4524,-0.00071,0.0479,53.4
23430.3,1298944,1270,1.637,0.2637,0.5057,-0.0057,0.0048,0.428,0.00815,0.0588,56.5
23449.7,1299968,1271,1.63,0.263,0.5057,-0.0061,0.0073,0.4187,0.00446,0.0452,53.5
23469.0,1300992,1272,1.614,0.2614,0.5057,-0.0102,0.0089,0.4381,-0.00085,0.0327,53.5
23488.3,1302016,1273,1.597,0.2597,0.5057,-0.006,0.0098,0.4402,0.00317,0.019,53.4
23506.6,1303040,1274,1.589,0.2589,0.5057,-0.0048,0.0047,0.416,0.00307,0.0259,56.6
23525.9,1304064,1275,1.572,0.2572,0.5057,-0.0079,0.0078,0.449,0.00114,0.0166,53.4
23545.2,1305088,1276,1.559,0.2559,0.5057,-0.0059,0.0073,0.4092,0.00445,0.0579,53.5
23563.5,1306112,1277,1.556,0.2556,0.5057,-0.004,0.0105,0.307,0.00581,0.0276,56.5
23582.8,1307136,1278,1.541,0.2541,0.5057,-0.0094,0.0064,0.3906,0.00632,0.063,53.4
23601.1,1308160,1279,1.533,0.2533,0.5057,-0.0052,0.0056,0.4046,0.00671,0.0413,56.5
23619.4,1309184,1280,1.527,0.2527,0.5057,-0.0077,0.0077,0.3544,0.00199,0.0354,56.6
23638.7,1310208,1281,1.517,0.2517,0.5057,-0.0082,0.01,0.346,0.00285,0.0322,53.4
23657.0,1311232,1282,1.517,0.2517,0.5057,-0.0087,0.0033,0.3857,0.00279,0.0244,56.5
23675.3,1312256,1283,1.52,0.252,0.5057,-0.0086,0.0054,0.3076,0.00413,0.0337,56.6
23693.5,1313280,1284,1.524,0.2524,0.5057,-0.0082,0.0038,0.3145,0.0048,0.0359,56.5
23710.8,1314304,1285,1.524,0.2524,0.5057,-0.009,0.0066,0.1999,-0.00092,0.04,60.0
23729.0,1315328,1286,1.541,0.2541,0.5057,-0.0089,0.0083,0.4021,0.01196,0.05,56.5
23746.3,1316352,1287,1.541,0.2541,0.5057,-0.0078,0.0021,0.2768,0.00275,0.0315,60.1
23763.5,1317376,1288,1.541,0.2541,0.5057,-0.0066,0.0021,0.2563,0.00612,0.0481,59.9
23781.8,1318400,1289,1.546,0.2546,0.5057,-0.008,0.0043,0.3349,0.00081,0.021,56.5
23799.0,1319424,1290,1.546,0.2546,0.5057,-0.006,0.0014,0.2394,0.00237,0.0354,60.0
23817.3,1320448,1291,1.553,0.2553,0.5057,-0.0091,0.0045,0.3531,0.0019,0.0261,56.6
23835.6,1321472,1292,1.553,0.2553,0.5057,-0.0056,0.0048,0.3149,-0.00033,0.0212,56.5
23852.8,1322496,1293,1.553,0.2553,0.5057,-0.0076,0.0017,0.1809,0.01096,0.0374,60.0
23872.1,1323520,1294,1.549,0.2549,0.5057,-0.0085,0.0171,0.4537,0.00278,0.0288,53.4
23889.3,1324544,1295,1.549,0.2549,0.5057,-0.0073,0.0015,0.2677,0.0015,0.0361,60.0
23907.6,1325568,1296,1.562,0.2562,0.5057,-0.0121,0.0038,0.3538,0.00618,0.0605,56.6
23925.9,1326592,1297,1.552,0.2552,0.5057,-0.0056,0.008,0.3319,0.00278,0.0383,56.6
23944.1,1327616,1298,1.552,0.2552,0.5057,-0.0104,0.0073,0.3336,0.01225,0.0417,56.6
23961.3,1328640,1299,1.552,0.2552,0.5057,-0.0049,0.0036,0.2432,0.00234,0.0146,60.0
23979.6,1329664,1300,1.558,0.2558,0.5057,-0.0087,0.0014,0.3182,0.00247,0.0525,56.6
23996.8,1330688,1301,1.558,0.2558,0.5057,-0.0029,0.0026,0.2489,0.00124,0.0168,60.0
24015.1,1331712,1302,1.569,0.2569,0.5057,-0.0115,0.0056,0.4195,0.0068,0.051,56.6
24032.3,1332736,1303,1.569,0.2569,0.5057,-0.0064,0.0012,0.1824,-0.00155,0.02,60.0
24050.6,1333760,1304,1.579,0.2579,0.5057,-0.0029,0.0058,0.3627,0.00192,0.0142,56.6
24067.8,1334784,1305,1.579,0.2579,0.5057,-0.0074,0.0011,0.1962,0.00366,0.0269,60.0
24086.1,1335808,1306,1.59,0.259,0.5057,-0.0114,0.0103,0.4111,0.00589,0.0542,56.6
24103.3,1336832,1307,1.59,0.259,0.5057,-0.0077,0.0009,0.3002,0.00088,0.0168,60.0
24121.5,1337856,1308,1.599,0.2599,0.5057,-0.0039,0.007,0.2924,-0.00066,0.0134,56.6
24138.8,1338880,1309,1.599,0.2599,0.5057,-0.0069,0.0009,0.2448,0.00247,0.0254,60.0
24157.0,1339904,1310,1.611,0.2611,0.5057,-0.0051,0.0041,0.3431,-0.00111,0.0183,56.6
24175.3,1340928,1311,1.6,0.26,0.5057,-0.0069,0.0081,0.331,0.00519,0.0349,56.5
24192.5,1341952,1312,1.6,0.26,0.5057,-0.0017,0.0023,0.249,0.00108,0.0186,60.1
24210.8,1342976,1313,1.604,0.2604,0.5057,-0.0106,0.005,0.3956,0.0077,0.0618,56.5
24229.1,1344000,1314,1.596,0.2596,0.5057,-0.0104,0.0064,0.338,0.00319,0.0217,56.6
24246.3,1345024,1315,1.596,0.2596,0.5057,-0.0057,0.0013,0.2352,-0.00027,0.0154,60.0
24264.5,1346048,1316,1.601,0.2601,0.5057,-0.0056,0.0038,0.4152,0.00106,0.0139,56.6
24281.8,1347072,1317,1.601,0.2601,0.5057,-0.0083,0.0007,0.1755,0.00089,0.0281,60.0
24300.0,1348096,1318,1.602,0.2602,0.5057,-0.0078,0.007,0.3637,0.00204,0.0364,56.5
24317.3,1349120,1319,1.602,0.2602,0.5057,-0.0084,0.0006,0.182,-0.00152,0.0291,60.0
24335.5,1350144,1320,1.6,0.26,0.5057,-0.0071,0.0089,0.3914,0.00126,0.0093,56.5
24353.8,1351168,1321,1.602,0.2602,0.5057,-0.0032,0.0028,0.3055,-0.00085,0.0161,56.4
24372.1,1352192,1322,1.595,0.2595,0.5057,-0.0112,0.0097,0.3384,0.00474,0.0142,56.5
24390.4,1353216,1323,1.596,0.2596,0.5057,-0.0068,0.0046,0.3203,0.00267,0.0361,56.6
24407.6,1354240,1324,1.596,0.2596,0.5057,-0.0059,0.0015,0.1759,0.00233,0.0215,60.0
24425.9,1355264,1325,1.597,0.2597,0.5057,-0.0093,0.0057,0.4015,0.00417,0.0398,56.6
24443.1,1356288,1326,1.597,0.2597,0.5057,-0.0058,0.0008,0.1952,-0.0007,0.0234,60.0
24461.4,1357312,1327,1.607,0.2607,0.5057,-0.0075,0.0077,0.4217,0.00202,0.0354,56.5
24478.6,1358336,1328,1.607,0.2607,0.5057,-0.0092,0.0008,0.2013,0.00179,0.0347,60.0
24496.9,1359360,1329,1.61,0.261,0.5057,-0.0072,0.0093,0.3943,0.00313,0.0388,56.6
24514.1,1360384,1330,1.61,0.261,0.5057,-0.0095,0.0006,0.2344,0.00469,0.0381,60.0
24532.4,1361408,1331,1.612,0.2612,0.5057,-0.0053,0.0078,0.3963,0.00049,0.0117,56.5
24549.6,1362432,1332,1.612,0.2612,0.5057,-0.0087,0.0005,0.1978,-0.00187,0.031,60.0
24567.9,1363456,1333,1.615,0.2615,0.5057,-0.009,0.006,0.3811,0.00342,0.032,56.6
24585.1,1364480,1334,1.615,0.2615,0.5057,-0.007,0.0005,0.2403,0.00104,0.0359,60.0
24602.3,1365504,1335,1.615,0.2615,0.5057,-0.0064,0.0022,0.3184,0.00433,0.0249,60.0
24620.6,1366528,1336,1.622,0.2622,0.5057,-0.0096,0.0076,0.3607,0.00297,0.0168,56.5
24639.9,1367552,1337,1.622,0.2622,0.5057,-0.0026,0.016,0.3656,0.00092,0.0122,53.4
24658.2,1368576,1338,1.614,0.2614,0.5057,-0.0017,0.0082,0.3785,0.00161,0.0076,56.5
24676.5,1369600,1339,1.601,0.2601,0.5057,-0.0048,0.0106,0.4576,0.00072,0.0076,56.6
24695.8,1370624,1340,1.58,0.258,0.5057,-0.0092,0.013,0.3809,0.00508,0.0823,53.5
24714.1,1371648,1341,1.579,0.2579,0.5057,-0.0046,0.0035,0.3882,0.00255,0.0344,56.6
24732.3,1372672,1342,1.572,0.2572,0.5057,-0.0068,0.0062,0.3666,0.00305,0.0271,56.6
24749.6,1373696,1343,1.572,0.2572,0.5057,-0.0069,0.0046,0.2909,0.00744,0.0269,60.1
24767.8,1374720,1344,1.583,0.2583,0.5057,-0.0066,0.0049,0.3501,0.00104,0.0181,56.6
24788.2,1375744,1345,1.562,0.2562,0.5057,-0.0087,0.0232,0.4587,0.00172,0.0366,50.8
24806.4,1376768,1346,1.556,0.2556,0.5057,-0.0151,0.0058,0.3862,0.01241,0.0247,56.6
24823.7,1377792,1347,1.556,0.2556,0.5057,-0.0064,0.0023,0.2552,0.00431,0.0298,60.0
24842.0,1378816,1348,1.563,0.2563,0.5057,-0.0072,0.0057,0.3598,0.0031,0.0325,56.5
24861.2,1379840,1349,1.548,0.2548,0.5057,-0.0078,0.0085,0.4656,0.00304,0.0337,53.7
24879.5,1380864,1350,1.547,0.2547,0.5057,-0.0102,0.0074,0.3176,0.00475,0.0273,56.6
24896.7,1381888,1351,1.547,0.2547,0.5057,-0.0073,0.0013,0.2851,0.00481,0.0527,60.0
24915.0,1382912,1352,1.55,0.255,0.5057,-0.0071,0.0045,0.3677,0.00117,0.0315,56.6
24932.2,1383936,1353,1.55,0.255,0.5057,-0.0068,0.0014,0.2113,0.00551,0.0176,60.0
24951.5,1384960,1354,1.546,0.2546,0.5057,-0.0074,0.0101,0.4242,0.00443,0.061,53.4
24968.8,1385984,1355,1.546,0.2546,0.5057,-0.0113,0.0016,0.3722,0.00862,0.0442,59.9
24988.1,1387008,1356,1.533,0.2533,0.5057,-0.0095,0.0138,0.4299,0.00078,0.051,53.4
25005.4,1388032,1357,1.533,0.2533,0.5057,-0.0049,0.002,0.1916,0.00097,0.022,60.0
25023.7,1389056,1358,1.537,0.2537,0.5057,-0.0058,0.0043,0.3882,0.00107,0.012,56.5
25040.9,1390080,1359,1.537,0.2537,0.5057,-0.0065,0.0011,0.2212,0.00322,0.0354,60.1
25060.2,1391104,1360,1.549,0.2549,0.5057,-0.0115,0.0098,0.4104,0.00612,0.0496,53.4
25079.5,1392128,1361,1.534,0.2534,0.5057,-0.0117,0.0191,0.3639,0.00823,0.0542,53.4
25096.8,1393152,1362,1.534,0.2534,0.5057,-0.0086,0.0018,0.2718,0.01518,0.0352,60.0
25115.0,1394176,1363,1.539,0.2539,0.5057,-0.004,0.003,0.2967,0.0038,0.0239,56.5
25134.3,1395200,1364,1.523,0.2523,0.5057,-0.0126,0.0157,0.3454,0.01662,0.0869,53.5
25151.6,1396224,1365,1.523,0.2523,0.5057,-0.0048,0.002,0.2829,-0.0011,0.021,60.0
25168.8,1397248,1366,1.523,0.2523,0.5057,-0.004,0.0048,0.3358,0.00912,0.0332,60.0
25187.1,1398272,1367,1.531,0.2531,0.5057,-0.013,0.0081,0.4232,0.00476,0.0542,56.5
25204.3,1399296,1368,1.531,0.2531,0.5057,-0.005,0.0013,0.209,-0.00035,0.0261,60.0
25222.6,1400320,1369,1.533,0.2533,0.5057,-0.0077,0.0074,0.4182,0.00178,0.0134,56.5
25240.8,1401344,1370,1.521,0.2521,0.5057,-0.003,0.0039,0.3435,-0.0012,0.0042,56.6
25259.1,1402368,1371,1.533,0.2533,0.5057,-0.0024,0.0054,0.2734,-0.00069,0.0081,56.6
25276.3,1403392,1372,1.533,0.2533,0.5057,-0.0051,0.0013,0.257,0.0023,0.0093,60.0
25294.6,1404416,1373,1.527,0.2527,0.5057,-0.0056,0.0075,0.3673,0.00147,0.0107,56.5
25311.8,1405440,1374,1.527,0.2527,0.5057,-0.0074,0.0008,0.1889,0.00333,0.0281,60.0
25330.1,1406464,1375,1.529,0.2529,0.5057,-0.0074,0.0028,0.413,0.00074,0.0298,56.5
25347.3,1407488,1376,1.529,0.2529,0.5057,-0.0067,0.0007,0.1575,0.00185,0.0244,60.1
25365.6,1408512,1377,1.533,0.2533,0.5057,-0.0083,0.0078,0.4466,0.00333,0.0251,56.5
25382.8,1409536,1378,1.533,0.2533,0.5057,-0.0065,0.0007,0.1996,0.00329,0.0251,60.0
25400.0,1410560,1379,1.533,0.2533,0.5057,-0.006,0.0037,0.4172,0.00228,0.0215,60.0
25422.1,1411584,1380,1.539,0.2539,0.5241,-0.0086,0.0175,0.3603,-0.00031,0.0532,46.7
25439.3,1412608,1381,1.539,0.2539,0.5241,-0.0072,0.0008,0.2384,0.00389,0.0247,60.1
